1,NAME_1
2,NAME_2
3,NAME_3
4,NAME_4
5,NAME_5
6,NAME_6
7,NAME_7
8,NAME_8
9,NAME_9
10,NAME_10
11,NAME_11
12,NAME_12
13,NAME_13
14,NAME_14
15,NAME_15
16,NAME_16
17,NAME_17
18,NAME_18
19,NAME_19
20,NAME_20
21,NAME_21
22,NAME_22
23,NAME_23
24,NAME_24
25,NAME_25
26,NAME_26
27,NAME_27
28,NAME_28
29,NAME_29
30,NAME_30
31,NAME_31
32,NAME_32
33,NAME_33
34,NAME_34
35,NAME_35
36,NAME_36
37,NAME_37
38,NAME_38
39,NAME_39
40,NAME_40
41,NAME_41
42,NAME_42
43,NAME_43
44,NAME_44
45,NAME_45
46,NAME_46
47,NAME_47
48,NAME_48
49,NAME_49
50,NAME_50
51,NAME_51
52,NAME_52
53,NAME_53
54,NAME_54
55,NAME_55
56,NAME_56
57,NAME_57
58,NAME_58
59,NAME_59
60,NAME_60
61,NAME_61
62,NAME_62
63,NAME_63
64,NAME_64
65,NAME_65
66,NAME_66
67,NAME_67
68,NAME_68
69,NAME_69
70,NAME_70
71,NAME_71
72,NAME_72
73,NAME_73
74,NAME_74
75,NAME_75
76,NAME_76
77,NAME_77
78,NAME_78
79,NAME_79
80,NAME_80
81,NAME_81
82,NAME_82
83,NAME_83
84,NAME_84
85,NAME_85
86,NAME_86
87,NAME_87
88,NAME_88
89,NAME_89
90,NAME_90
91,NAME_91
92,NAME_92
93,NAME_93
94,NAME_94
95,NAME_95
96,NAME_96
97,NAME_97
98,NAME_98
99,NAME_99
100,NAME_100
101,NAME_101
102,NAME_102
103,NAME_103
104,NAME_104
105,NAME_105
106,NAME_106
107,NAME_107
108,NAME_108
109,NAME_109
110,NAME_110
111,NAME_111
112,NAME_112
113,NAME_113
114,NAME_114
115,NAME_115
116,NAME_116
117,NAME_117
118,NAME_118
119,NAME_119
120,NAME_120
121,NAME_121
122,NAME_122
123,NAME_123
124,NAME_124
125,NAME_125
126,NAME_126
127,NAME_127
128,NAME_128
129,NAME_129
130,NAME_130
131,NAME_131
132,NAME_132
133,NAME_133
134,NAME_134
135,NAME_135
136,NAME_136
137,NAME_137
138,NAME_138
139,NAME_139
140,NAME_140
141,NAME_141
142,NAME_142
143,NAME_143
144,NAME_144
145,NAME_145
146,NAME_146
147,NAME_147
148,NAME_148
149,NAME_149
150,NAME_150
151,NAME_151
152,NAME_152
153,NAME_153
154,NAME_154
155,NAME_155
156,NAME_156
157,NAME_157
158,NAME_158
159,NAME_159
160,NAME_160
161,NAME_161
162,NAME_162
163,NAME_163
164,NAME_164
165,NAME_165
166,NAME_166
167,NAME_167
168,NAME_168
169,NAME_169
170,NAME_170
171,NAME_171
172,NAME_172
173,NAME_173
174,NAME_174
175,NAME_175
176,NAME_176
177,NAME_177
178,NAME_178
179,NAME_179
180,NAME_180
181,NAME_181
182,NAME_182
183,NAME_183
184,NAME_184
185,NAME_185
186,NAME_186
187,NAME_187
188,NAME_188
189,NAME_189
190,NAME_190
191,NAME_191
192,NAME_192
193,NAME_193
194,NAME_194
195,NAME_195
196,NAME_196
197,NAME_197
198,NAME_198
199,NAME_199
200,NAME_200
201,NAME_201
202,NAME_202
203,NAME_203
204,NAME_204
205,NAME_205
206,NAME_206
207,NAME_207
208,NAME_208
209,NAME_209
210,NAME_210
211,NAME_211
212,NAME_212
213,NAME_213
214,NAME_214
215,NAME_215
216,NAME_216
217,NAME_217
218,NAME_218
219,NAME_219
220,NAME_220
221,NAME_221
222,NAME_222
223,NAME_223
224,NAME_224
225,NAME_225
226,NAME_226
227,NAME_227
228,NAME_228
229,NAME_229
230,NAME_230
231,NAME_231
232,NAME_232
233,NAME_233
234,NAME_234
235,NAME_235
236,NAME_236
237,NAME_237
238,NAME_238
239,NAME_239
240,NAME_240
241,NAME_241
242,NAME_242
243,NAME_243
244,NAME_244
245,NAME_245
246,NAME_246
247,NAME_247
248,NAME_248
249,NAME_249
250,NAME_250
251,NAME_251
252,NAME_252
253,NAME_253
254,NAME_254
255,NAME_255
256,NAME_256
257,NAME_257
258,NAME_258
259,NAME_259
260,NAME_260
261,NAME_261
262,NAME_262
263,NAME_263
264,NAME_264
265,NAME_265
266,NAME_266
267,NAME_267
268,NAME_268
269,NAME_269
270,NAME_270
271,NAME_271
272,NAME_272
273,NAME_273
274,NAME_274
275,NAME_275
276,NAME_276
277,NAME_277
278,NAME_278
279,NAME_279
280,NAME_280
281,NAME_281
282,NAME_282
283,NAME_283
284,NAME_284
285,NAME_285
286,NAME_286
287,NAME_287
288,NAME_288
289,NAME_289
290,NAME_290
291,NAME_291
292,NAME_292
293,NAME_293
294,NAME_294
295,NAME_295
296,NAME_296
297,NAME_297
298,NAME_298
299,NAME_299
300,NAME_300
301,NAME_301
302,NAME_302
303,NAME_303
304,NAME_304
305,NAME_305
306,NAME_306
307,NAME_307
308,NAME_308
309,NAME_309
310,NAME_310
311,NAME_311
312,NAME_312
313,NAME_313
314,NAME_314
315,NAME_315
316,NAME_316
317,NAME_317
318,NAME_318
319,NAME_319
320,NAME_320
321,NAME_321
322,NAME_322
323,NAME_323
324,NAME_324
325,NAME_325
326,NAME_326
327,NAME_327
328,NAME_328
329,NAME_329
330,NAME_330
331,NAME_331
332,NAME_332
333,NAME_333
334,NAME_334
335,NAME_335
336,NAME_336
337,NAME_337
338,NAME_338
339,NAME_339
340,NAME_340
341,NAME_341
342,NAME_342
343,NAME_343
344,NAME_344
345,NAME_345
346,NAME_346
347,NAME_347
348,NAME_348
349,NAME_349
350,NAME_350
351,NAME_351
352,NAME_352
353,NAME_353
354,NAME_354
355,NAME_355
356,NAME_356
357,NAME_357
358,NAME_358
359,NAME_359
360,NAME_360
361,NAME_361
362,NAME_362
363,NAME_363
364,NAME_364
365,NAME_365
366,NAME_366
367,NAME_367
368,NAME_368
369,NAME_369
370,NAME_370
371,NAME_371
372,NAME_372
373,NAME_373
374,NAME_374
375,NAME_375
376,NAME_376
377,NAME_377
378,NAME_378
379,NAME_379
380,NAME_380
381,NAME_381
382,NAME_382
383,NAME_383
384,NAME_384
385,NAME_385
386,NAME_386
387,NAME_387
388,NAME_388
389,NAME_389
390,NAME_390
391,NAME_391
392,NAME_392
393,NAME_393
394,NAME_394
395,NAME_395
396,NAME_396
397,NAME_397
398,NAME_398
399,NAME_399
400,NAME_400
401,NAME_401
402,NAME_402
403,NAME_403
404,NAME_404
405,NAME_405
406,NAME_406
407,NAME_407
408,NAME_408
409,NAME_409
410,NAME_410
411,NAME_411
412,NAME_412
413,NAME_413
414,NAME_414
415,NAME_415
416,NAME_416
417,NAME_417
418,NAME_418
419,NAME_419
420,NAME_420
421,NAME_421
422,NAME_422
423,NAME_423
424,NAME_424
425,NAME_425
426,NAME_426
427,NAME_427
428,NAME_428
429,NAME_429
430,NAME_430
431,NAME_431
432,NAME_432
433,NAME_433
434,NAME_434
435,NAME_435
436,NAME_436
437,NAME_437
438,NAME_438
439,NAME_439
440,NAME_440
441,NAME_441
442,NAME_442
443,NAME_443
444,NAME_444
445,NAME_445
446,NAME_446
447,NAME_447
448,NAME_448
449,NAME_449
450,NAME_450
451,NAME_451
452,NAME_452
453,NAME_453
454,NAME_454
455,NAME_455
456,NAME_456
457,NAME_457
458,NAME_458
459,NAME_459
460,NAME_460
461,NAME_461
462,NAME_462
463,NAME_463
464,NAME_464
465,NAME_465
466,NAME_466
467,NAME_467
468,NAME_468
469,NAME_469
470,NAME_470
471,NAME_471
472,NAME_472
473,NAME_473
474,NAME_474
475,NAME_475
476,NAME_476
477,NAME_477
478,NAME_478
479,NAME_479
480,NAME_480
481,NAME_481
482,NAME_482
483,NAME_483
484,NAME_484
485,NAME_485
486,NAME_486
487,NAME_487
488,NAME_488
489,NAME_489
490,NAME_490
491,NAME_491
492,NAME_492
493,NAME_493
494,NAME_494
495,NAME_495
496,NAME_496
497,NAME_497
498,NAME_498
499,NAME_499
500,NAME_500
501,NAME_501
502,NAME_502
503,NAME_503
504,NAME_504
505,NAME_505
506,NAME_506
507,NAME_507
508,NAME_508
509,NAME_509
510,NAME_510
511,NAME_511
512,NAME_512
513,NAME_513
514,NAME_514
515,NAME_515
516,NAME_516
517,NAME_517
518,NAME_518
519,NAME_519
520,NAME_520
521,NAME_521
522,NAME_522
523,NAME_523
524,NAME_524
525,NAME_525
526,NAME_526
527,NAME_527
528,NAME_528
529,NAME_529
530,NAME_530
531,NAME_531
532,NAME_532
533,NAME_533
534,NAME_534
535,NAME_535
536,NAME_536
537,NAME_537
538,NAME_538
539,NAME_539
540,NAME_540
541,NAME_541
542,NAME_542
543,NAME_543
544,NAME_544
545,NAME_545
546,NAME_546
547,NAME_547
548,NAME_548
549,NAME_549
550,NAME_550
551,NAME_551
552,NAME_552
553,NAME_553
554,NAME_554
555,NAME_555
556,NAME_556
557,NAME_557
558,NAME_558
559,NAME_559
560,NAME_560
561,NAME_561
562,NAME_562
563,NAME_563
564,NAME_564
565,NAME_565
566,NAME_566
567,NAME_567
568,NAME_568
569,NAME_569
570,NAME_570
571,NAME_571
572,NAME_572
573,NAME_573
574,NAME_574
575,NAME_575
576,NAME_576
577,NAME_577
578,NAME_578
579,NAME_579
580,NAME_580
581,NAME_581
582,NAME_582
583,NAME_583
584,NAME_584
585,NAME_585
586,NAME_586
587,NAME_587
588,NAME_588
589,NAME_589
590,NAME_590
591,NAME_591
592,NAME_592
593,NAME_593
594,NAME_594
595,NAME_595
596,NAME_596
597,NAME_597
598,NAME_598
599,NAME_599
600,NAME_600
601,NAME_601
602,NAME_602
603,NAME_603
604,NAME_604
605,NAME_605
606,NAME_606
607,NAME_607
608,NAME_608
609,NAME_609
610,NAME_610
611,NAME_611
612,NAME_612
613,NAME_613
614,NAME_614
615,NAME_615
616,NAME_616
617,NAME_617
618,NAME_618
619,NAME_619
620,NAME_620
621,NAME_621
622,NAME_622
623,NAME_623
624,NAME_624
625,NAME_625
626,NAME_626
627,NAME_627
628,NAME_628
629,NAME_629
630,NAME_630
631,NAME_631
632,NAME_632
633,NAME_633
634,NAME_634
635,NAME_635
636,NAME_636
637,NAME_637
638,NAME_638
639,NAME_639
640,NAME_640
641,NAME_641
642,NAME_642
643,NAME_643
644,NAME_644
645,NAME_645
646,NAME_646
647,NAME_647
648,NAME_648
649,NAME_649
650,NAME_650
651,NAME_651
652,NAME_652
653,NAME_653
654,NAME_654
655,NAME_655
656,NAME_656
657,NAME_657
658,NAME_658
659,NAME_659
660,NAME_660
661,NAME_661
662,NAME_662
663,NAME_663
664,NAME_664
665,NAME_665
666,NAME_666
667,NAME_667
668,NAME_668
669,NAME_669
670,NAME_670
671,NAME_671
672,NAME_672
673,NAME_673
674,NAME_674
675,NAME_675
676,NAME_676
677,NAME_677
678,NAME_678
679,NAME_679
680,NAME_680
681,NAME_681
682,NAME_682
683,NAME_683
684,NAME_684
685,NAME_685
686,NAME_686
687,NAME_687
688,NAME_688
689,NAME_689
690,NAME_690
691,NAME_691
692,NAME_692
693,NAME_693
694,NAME_694
695,NAME_695
696,NAME_696
697,NAME_697
698,NAME_698
699,NAME_699
700,NAME_700
701,NAME_701
702,NAME_702
703,NAME_703
704,NAME_704
705,NAME_705
706,NAME_706
707,NAME_707
708,NAME_708
709,NAME_709
710,NAME_710
711,NAME_711
712,NAME_712
713,NAME_713
714,NAME_714
715,NAME_715
716,NAME_716
717,NAME_717
718,NAME_718
719,NAME_719
720,NAME_720
721,NAME_721
722,NAME_722
723,NAME_723
724,NAME_724
725,NAME_725
726,NAME_726
727,NAME_727
728,NAME_728
729,NAME_729
730,NAME_730
731,NAME_731
732,NAME_732
733,NAME_733
734,NAME_734
735,NAME_735
736,NAME_736
737,NAME_737
738,NAME_738
739,NAME_739
740,NAME_740
741,NAME_741
742,NAME_742
743,NAME_743
744,NAME_744
745,NAME_745
746,NAME_746
747,NAME_747
748,NAME_748
749,NAME_749
750,NAME_750
751,NAME_751
752,NAME_752
753,NAME_753
754,NAME_754
755,NAME_755
756,NAME_756
757,NAME_757
758,NAME_758
759,NAME_759
760,NAME_760
761,NAME_761
762,NAME_762
763,NAME_763
764,NAME_764
765,NAME_765
766,NAME_766
767,NAME_767
768,NAME_768
769,NAME_769
770,NAME_770
771,NAME_771
772,NAME_772
773,NAME_773
774,NAME_774
775,NAME_775
776,NAME_776
777,NAME_777
778,NAME_778
779,NAME_779
780,NAME_780
781,NAME_781
782,NAME_782
783,NAME_783
784,NAME_784
785,NAME_785
786,NAME_786
787,NAME_787
788,NAME_788
789,NAME_789
790,NAME_790
791,NAME_791
792,NAME_792
793,NAME_793
794,NAME_794
795,NAME_795
796,NAME_796
797,NAME_797
798,NAME_798
799,NAME_799
800,NAME_800
801,NAME_801
802,NAME_802
803,NAME_803
804,NAME_804
805,NAME_805
806,NAME_806
807,NAME_807
808,NAME_808
809,NAME_809
810,NAME_810
811,NAME_811
812,NAME_812
813,NAME_813
814,NAME_814
815,NAME_815
816,NAME_816
817,NAME_817
818,NAME_818
819,NAME_819
820,NAME_820
821,NAME_821
822,NAME_822
823,NAME_823
824,NAME_824
825,NAME_825
826,NAME_826
827,NAME_827
828,NAME_828
829,NAME_829
830,NAME_830
831,NAME_831
832,NAME_832
833,NAME_833
834,NAME_834
835,NAME_835
836,NAME_836
837,NAME_837
838,NAME_838
839,NAME_839
840,NAME_840
841,NAME_841
842,NAME_842
843,NAME_843
844,NAME_844
845,NAME_845
846,NAME_846
847,NAME_847
848,NAME_848
849,NAME_849
850,NAME_850
851,NAME_851
852,NAME_852
853,NAME_853
854,NAME_854
855,NAME_855
856,NAME_856
857,NAME_857
858,NAME_858
859,NAME_859
860,NAME_860
861,NAME_861
862,NAME_862
863,NAME_863
864,NAME_864
865,NAME_865
866,NAME_866
867,NAME_867
868,NAME_868
869,NAME_869
870,NAME_870
871,NAME_871
872,NAME_872
873,NAME_873
874,NAME_874
875,NAME_875
876,NAME_876
877,NAME_877
878,NAME_878
879,NAME_879
880,NAME_880
881,NAME_881
882,NAME_882
883,NAME_883
884,NAME_884
885,NAME_885
886,NAME_886
887,NAME_887
888,NAME_888
889,NAME_889
890,NAME_890
891,NAME_891
892,NAME_892
893,NAME_893
894,NAME_894
895,NAME_895
896,NAME_896
897,NAME_897
898,NAME_898
899,NAME_899
900,NAME_900
901,NAME_901
902,NAME_902
903,NAME_903
904,NAME_904
905,NAME_905
906,NAME_906
907,NAME_907
908,NAME_908
909,NAME_909
910,NAME_910
911,NAME_911
912,NAME_912
913,NAME_913
914,NAME_914
915,NAME_915
916,NAME_916
917,NAME_917
918,NAME_918
919,NAME_919
920,NAME_920
921,NAME_921
922,NAME_922
923,NAME_923
924,NAME_924
925,NAME_925
926,NAME_926
927,NAME_927
928,NAME_928
929,NAME_929
930,NAME_930
931,NAME_931
932,NAME_932
933,NAME_933
934,NAME_934
935,NAME_935
936,NAME_936
937,NAME_937
938,NAME_938
939,NAME_939
940,NAME_940
941,NAME_941
942,NAME_942
943,NAME_943
944,NAME_944
945,NAME_945
946,NAME_946
947,NAME_947
948,NAME_948
949,NAME_949
950,NAME_950
951,NAME_951
952,NAME_952
953,NAME_953
954,NAME_954
955,NAME_955
956,NAME_956
957,NAME_957
958,NAME_958
959,NAME_959
960,NAME_960
961,NAME_961
962,NAME_962
963,NAME_963
964,NAME_964
965,NAME_965
966,NAME_966
967,NAME_967
968,NAME_968
969,NAME_969
970,NAME_970
971,NAME_971
972,NAME_972
973,NAME_973
974,NAME_974
975,NAME_975
976,NAME_976
977,NAME_977
978,NAME_978
979,NAME_979
980,NAME_980
981,NAME_981
982,NAME_982
983,NAME_983
984,NAME_984
985,NAME_985
986,NAME_986
987,NAME_987
988,NAME_988
989,NAME_989
990,NAME_990
991,NAME_991
992,NAME_992
993,NAME_993
994,NAME_994
995,NAME_995
996,NAME_996
997,NAME_997
998,NAME_998
999,NAME_999
1000,NAME_1000
1001,NAME_1001
1002,NAME_1002
1003,NAME_1003
1004,NAME_1004
1005,NAME_1005
1006,NAME_1006
1007,NAME_1007
1008,NAME_1008
1009,NAME_1009
1010,NAME_1010
1011,NAME_1011
1012,NAME_1012
1013,NAME_1013
1014,NAME_1014
1015,NAME_1015
1016,NAME_1016
1017,NAME_1017
1018,NAME_1018
1019,NAME_1019
1020,NAME_1020
1021,NAME_1021
1022,NAME_1022
1023,NAME_1023
1024,NAME_1024
1025,NAME_1025
1026,NAME_1026
1027,NAME_1027
1028,NAME_1028
1029,NAME_1029
1030,NAME_1030
1031,NAME_1031
1032,NAME_1032
1033,NAME_1033
1034,NAME_1034
1035,NAME_1035
1036,NAME_1036
1037,NAME_1037
1038,NAME_1038
1039,NAME_1039
1040,NAME_1040
1041,NAME_1041
1042,NAME_1042
1043,NAME_1043
1044,NAME_1044
1045,NAME_1045
1046,NAME_1046
1047,NAME_1047
1048,NAME_1048
1049,NAME_1049
1050,NAME_1050
1051,NAME_1051
1052,NAME_1052
1053,NAME_1053
1054,NAME_1054
1055,NAME_1055
1056,NAME_1056
1057,NAME_1057
1058,NAME_1058
1059,NAME_1059
1060,NAME_1060
1061,NAME_1061
1062,NAME_1062
1063,NAME_1063
1064,NAME_1064
1065,NAME_1065
1066,NAME_1066
1067,NAME_1067
1068,NAME_1068
1069,NAME_1069
1070,NAME_1070
1071,NAME_1071
1072,NAME_1072
1073,NAME_1073
1074,NAME_1074
1075,NAME_1075
1076,NAME_1076
1077,NAME_1077
1078,NAME_1078
1079,NAME_1079
1080,NAME_1080
1081,NAME_1081
1082,NAME_1082
1083,NAME_1083
1084,NAME_1084
1085,NAME_1085
1086,NAME_1086
1087,NAME_1087
1088,NAME_1088
1089,NAME_1089
1090,NAME_1090
1091,NAME_1091
1092,NAME_1092
1093,NAME_1093
1094,NAME_1094
1095,NAME_1095
1096,NAME_1096
1097,NAME_1097
1098,NAME_1098
1099,NAME_1099
1100,NAME_1100
1101,NAME_1101
1102,NAME_1102
1103,NAME_1103
1104,NAME_1104
1105,NAME_1105
1106,NAME_1106
1107,NAME_1107
1108,NAME_1108
1109,NAME_1109
1110,NAME_1110
1111,NAME_1111
1112,NAME_1112
1113,NAME_1113
1114,NAME_1114
1115,NAME_1115
1116,NAME_1116
1117,NAME_1117
1118,NAME_1118
1119,NAME_1119
1120,NAME_1120
1121,NAME_1121
1122,NAME_1122
1123,NAME_1123
1124,NAME_1124
1125,NAME_1125
1126,NAME_1126
1127,NAME_1127
1128,NAME_1128
1129,NAME_1129
1130,NAME_1130
1131,NAME_1131
1132,NAME_1132
1133,NAME_1133
1134,NAME_1134
1135,NAME_1135
1136,NAME_1136
1137,NAME_1137
1138,NAME_1138
1139,NAME_1139
1140,NAME_1140
1141,NAME_1141
1142,NAME_1142
1143,NAME_1143
1144,NAME_1144
1145,NAME_1145
1146,NAME_1146
1147,NAME_1147
1148,NAME_1148
1149,NAME_1149
1150,NAME_1150
1151,NAME_1151
1152,NAME_1152
1153,NAME_1153
1154,NAME_1154
1155,NAME_1155
1156,NAME_1156
1157,NAME_1157
1158,NAME_1158
1159,NAME_1159
1160,NAME_1160
1161,NAME_1161
1162,NAME_1162
1163,NAME_1163
1164,NAME_1164
1165,NAME_1165
1166,NAME_1166
1167,NAME_1167
1168,NAME_1168
1169,NAME_1169
1170,NAME_1170
1171,NAME_1171
1172,NAME_1172
1173,NAME_1173
1174,NAME_1174
1175,NAME_1175
1176,NAME_1176
1177,NAME_1177
1178,NAME_1178
1179,NAME_1179
1180,NAME_1180
1181,NAME_1181
1182,NAME_1182
1183,NAME_1183
1184,NAME_1184
1185,NAME_1185
1186,NAME_1186
1187,NAME_1187
1188,NAME_1188
1189,NAME_1189
1190,NAME_1190
1191,NAME_1191
1192,NAME_1192
1193,NAME_1193
1194,NAME_1194
1195,NAME_1195
1196,NAME_1196
1197,NAME_1197
1198,NAME_1198
1199,NAME_1199
1200,NAME_1200
1201,NAME_1201
1202,NAME_1202
1203,NAME_1203
1204,NAME_1204
1205,NAME_1205
1206,NAME_1206
1207,NAME_1207
1208,NAME_1208
1209,NAME_1209
1210,NAME_1210
1211,NAME_1211
1212,NAME_1212
1213,NAME_1213
1214,NAME_1214
1215,NAME_1215
1216,NAME_1216
1217,NAME_1217
1218,NAME_1218
1219,NAME_1219
1220,NAME_1220
1221,NAME_1221
1222,NAME_1222
1223,NAME_1223
1224,NAME_1224
1225,NAME_1225
1226,NAME_1226
1227,NAME_1227
1228,NAME_1228
1229,NAME_1229
1230,NAME_1230
1231,NAME_1231
1232,NAME_1232
1233,NAME_1233
1234,NAME_1234
1235,NAME_1235
1236,NAME_1236
1237,NAME_1237
1238,NAME_1238
1239,NAME_1239
1240,NAME_1240
1241,NAME_1241
1242,NAME_1242
1243,NAME_1243
1244,NAME_1244
1245,NAME_1245
1246,NAME_1246
1247,NAME_1247
1248,NAME_1248
1249,NAME_1249
1250,NAME_1250
1251,NAME_1251
1252,NAME_1252
1253,NAME_1253
1254,NAME_1254
1255,NAME_1255
1256,NAME_1256
1257,NAME_1257
1258,NAME_1258
1259,NAME_1259
1260,NAME_1260
1261,NAME_1261
1262,NAME_1262
1263,NAME_1263
1264,NAME_1264
1265,NAME_1265
1266,NAME_1266
1267,NAME_1267
1268,NAME_1268
1269,NAME_1269
1270,NAME_1270
1271,NAME_1271
1272,NAME_1272
1273,NAME_1273
1274,NAME_1274
1275,NAME_1275
1276,NAME_1276
1277,NAME_1277
1278,NAME_1278
1279,NAME_1279
1280,NAME_1280
1281,NAME_1281
1282,NAME_1282
1283,NAME_1283
1284,NAME_1284
1285,NAME_1285
1286,NAME_1286
1287,NAME_1287
1288,NAME_1288
1289,NAME_1289
1290,NAME_1290
1291,NAME_1291
1292,NAME_1292
1293,NAME_1293
1294,NAME_1294
1295,NAME_1295
1296,NAME_1296
1297,NAME_1297
1298,NAME_1298
1299,NAME_1299
1300,NAME_1300
1301,NAME_1301
1302,NAME_1302
1303,NAME_1303
1304,NAME_1304
1305,NAME_1305
1306,NAME_1306
1307,NAME_1307
1308,NAME_1308
1309,NAME_1309
1310,NAME_1310
1311,NAME_1311
1312,NAME_1312
1313,NAME_1313
1314,NAME_1314
1315,NAME_1315
1316,NAME_1316
1317,NAME_1317
1318,NAME_1318
1319,NAME_1319
1320,NAME_1320
1321,NAME_1321
1322,NAME_1322
1323,NAME_1323
1324,NAME_1324
1325,NAME_1325
1326,NAME_1326
1327,NAME_1327
1328,NAME_1328
1329,NAME_1329
1330,NAME_1330
1331,NAME_1331
1332,NAME_1332
1333,NAME_1333
1334,NAME_1334
1335,NAME_1335
1336,NAME_1336
1337,NAME_1337
1338,NAME_1338
1339,NAME_1339
1340,NAME_1340
1341,NAME_1341
1342,NAME_1342
1343,NAME_1343
1344,NAME_1344
1345,NAME_1345
1346,NAME_1346
1347,NAME_1347
1348,NAME_1348
1349,NAME_1349
1350,NAME_1350
1351,NAME_1351
1352,NAME_1352
1353,NAME_1353
1354,NAME_1354
1355,NAME_1355
1356,NAME_1356
1357,NAME_1357
1358,NAME_1358
1359,NAME_1359
1360,NAME_1360
1361,NAME_1361
1362,NAME_1362
1363,NAME_1363
1364,NAME_1364
1365,NAME_1365
1366,NAME_1366
1367,NAME_1367
1368,NAME_1368
1369,NAME_1369
1370,NAME_1370
1371,NAME_1371
1372,NAME_1372
1373,NAME_1373
1374,NAME_1374
1375,NAME_1375
1376,NAME_1376
1377,NAME_1377
1378,NAME_1378
1379,NAME_1379
1380,NAME_1380
1381,NAME_1381
1382,NAME_1382
1383,NAME_1383
1384,NAME_1384
1385,NAME_1385
1386,NAME_1386
1387,NAME_1387
1388,NAME_1388
1389,NAME_1389
1390,NAME_1390
1391,NAME_1391
1392,NAME_1392
1393,NAME_1393
1394,NAME_1394
1395,NAME_1395
1396,NAME_1396
1397,NAME_1397
1398,NAME_1398
1399,NAME_1399
1400,NAME_1400
1401,NAME_1401
1402,NAME_1402
1403,NAME_1403
1404,NAME_1404
1405,NAME_1405
1406,NAME_1406
1407,NAME_1407
1408,NAME_1408
1409,NAME_1409
1410,NAME_1410
1411,NAME_1411
1412,NAME_1412
1413,NAME_1413
1414,NAME_1414
1415,NAME_1415
1416,NAME_1416
1417,NAME_1417
1418,NAME_1418
1419,NAME_1419
1420,NAME_1420
1421,NAME_1421
1422,NAME_1422
1423,NAME_1423
1424,NAME_1424
1425,NAME_1425
1426,NAME_1426
1427,NAME_1427
1428,NAME_1428
1429,NAME_1429
1430,NAME_1430
1431,NAME_1431
1432,NAME_1432
1433,NAME_1433
1434,NAME_1434
1435,NAME_1435
1436,NAME_1436
1437,NAME_1437
1438,NAME_1438
1439,NAME_1439
1440,NAME_1440
1441,NAME_1441
1442,NAME_1442
1443,NAME_1443
1444,NAME_1444
1445,NAME_1445
1446,NAME_1446
1447,NAME_1447
1448,NAME_1448
1449,NAME_1449
1450,NAME_1450
1451,NAME_1451
1452,NAME_1452
1453,NAME_1453
1454,NAME_1454
1455,NAME_1455
1456,NAME_1456
1457,NAME_1457
1458,NAME_1458
1459,NAME_1459
1460,NAME_1460
1461,NAME_1461
1462,NAME_1462
1463,NAME_1463
1464,NAME_1464
1465,NAME_1465
1466,NAME_1466
1467,NAME_1467
1468,NAME_1468
1469,NAME_1469
1470,NAME_1470
1471,NAME_1471
1472,NAME_1472
1473,NAME_1473
1474,NAME_1474
1475,NAME_1475
1476,NAME_1476
1477,NAME_1477
1478,NAME_1478
1479,NAME_1479
1480,NAME_1480
1481,NAME_1481
1482,NAME_1482
1483,NAME_1483
1484,NAME_1484
1485,NAME_1485
1486,NAME_1486
1487,NAME_1487
1488,NAME_1488
1489,NAME_1489
1490,NAME_1490
1491,NAME_1491
1492,NAME_1492
1493,NAME_1493
1494,NAME_1494
1495,NAME_1495
1496,NAME_1496
1497,NAME_1497
1498,NAME_1498
1499,NAME_1499
1500,NAME_1500
1501,NAME_1501
1502,NAME_1502
1503,NAME_1503
1504,NAME_1504
1505,NAME_1505
1506,NAME_1506
1507,NAME_1507
1508,NAME_1508
1509,NAME_1509
1510,NAME_1510
1511,NAME_1511
1512,NAME_1512
1513,NAME_1513
1514,NAME_1514
1515,NAME_1515
1516,NAME_1516
1517,NAME_1517
1518,NAME_1518
1519,NAME_1519
1520,NAME_1520
1521,NAME_1521
1522,NAME_1522
1523,NAME_1523
1524,NAME_1524
1525,NAME_1525
1526,NAME_1526
1527,NAME_1527
1528,NAME_1528
1529,NAME_1529
1530,NAME_1530
1531,NAME_1531
1532,NAME_1532
1533,NAME_1533
1534,NAME_1534
1535,NAME_1535
1536,NAME_1536
1537,NAME_1537
1538,NAME_1538
1539,NAME_1539
1540,NAME_1540
1541,NAME_1541
1542,NAME_1542
1543,NAME_1543
1544,NAME_1544
1545,NAME_1545
1546,NAME_1546
1547,NAME_1547
1548,NAME_1548
1549,NAME_1549
1550,NAME_1550
1551,NAME_1551
1552,NAME_1552
1553,NAME_1553
1554,NAME_1554
1555,NAME_1555
1556,NAME_1556
1557,NAME_1557
1558,NAME_1558
1559,NAME_1559
1560,NAME_1560
1561,NAME_1561
1562,NAME_1562
1563,NAME_1563
1564,NAME_1564
1565,NAME_1565
1566,NAME_1566
1567,NAME_1567
1568,NAME_1568
1569,NAME_1569
1570,NAME_1570
1571,NAME_1571
1572,NAME_1572
1573,NAME_1573
1574,NAME_1574
1575,NAME_1575
1576,NAME_1576
1577,NAME_1577
1578,NAME_1578
1579,NAME_1579
1580,NAME_1580
1581,NAME_1581
1582,NAME_1582
1583,NAME_1583
1584,NAME_1584
1585,NAME_1585
1586,NAME_1586
1587,NAME_1587
1588,NAME_1588
1589,NAME_1589
1590,NAME_1590
1591,NAME_1591
1592,NAME_1592
1593,NAME_1593
1594,NAME_1594
1595,NAME_1595
1596,NAME_1596
1597,NAME_1597
1598,NAME_1598
1599,NAME_1599
1600,NAME_1600
1601,NAME_1601
1602,NAME_1602
1603,NAME_1603
1604,NAME_1604
1605,NAME_1605
1606,NAME_1606
1607,NAME_1607
1608,NAME_1608
1609,NAME_1609
1610,NAME_1610
1611,NAME_1611
1612,NAME_1612
1613,NAME_1613
1614,NAME_1614
1615,NAME_1615
1616,NAME_1616
1617,NAME_1617
1618,NAME_1618
1619,NAME_1619
1620,NAME_1620
1621,NAME_1621
1622,NAME_1622
1623,NAME_1623
1624,NAME_1624
1625,NAME_1625
1626,NAME_1626
1627,NAME_1627
1628,NAME_1628
1629,NAME_1629
1630,NAME_1630
1631,NAME_1631
1632,NAME_1632
1633,NAME_1633
1634,NAME_1634
1635,NAME_1635
1636,NAME_1636
1637,NAME_1637
1638,NAME_1638
1639,NAME_1639
1640,NAME_1640
1641,NAME_1641
1642,NAME_1642
1643,NAME_1643
1644,NAME_1644
1645,NAME_1645
1646,NAME_1646
1647,NAME_1647
1648,NAME_1648
1649,NAME_1649
1650,NAME_1650
1651,NAME_1651
1652,NAME_1652
1653,NAME_1653
1654,NAME_1654
1655,NAME_1655
1656,NAME_1656
1657,NAME_1657
1658,NAME_1658
1659,NAME_1659
1660,NAME_1660
1661,NAME_1661
1662,NAME_1662
1663,NAME_1663
1664,NAME_1664
1665,NAME_1665
1666,NAME_1666
1667,NAME_1667
1668,NAME_1668
1669,NAME_1669
1670,NAME_1670
1671,NAME_1671
1672,NAME_1672
1673,NAME_1673
1674,NAME_1674
1675,NAME_1675
1676,NAME_1676
1677,NAME_1677
1678,NAME_1678
1679,NAME_1679
1680,NAME_1680
1681,NAME_1681
1682,NAME_1682
1683,NAME_1683
1684,NAME_1684
1685,NAME_1685
1686,NAME_1686
1687,NAME_1687
1688,NAME_1688
1689,NAME_1689
1690,NAME_1690
1691,NAME_1691
1692,NAME_1692
1693,NAME_1693
1694,NAME_1694
1695,NAME_1695
1696,NAME_1696
1697,NAME_1697
1698,NAME_1698
1699,NAME_1699
1700,NAME_1700
1701,NAME_1701
1702,NAME_1702
1703,NAME_1703
1704,NAME_1704
1705,NAME_1705
1706,NAME_1706
1707,NAME_1707
1708,NAME_1708
1709,NAME_1709
1710,NAME_1710
1711,NAME_1711
1712,NAME_1712
1713,NAME_1713
1714,NAME_1714
1715,NAME_1715
1716,NAME_1716
1717,NAME_1717
1718,NAME_1718
1719,NAME_1719
1720,NAME_1720
1721,NAME_1721
1722,NAME_1722
1723,NAME_1723
1724,NAME_1724
1725,NAME_1725
1726,NAME_1726
1727,NAME_1727
1728,NAME_1728
1729,NAME_1729
1730,NAME_1730
1731,NAME_1731
1732,NAME_1732
1733,NAME_1733
1734,NAME_1734
1735,NAME_1735
1736,NAME_1736
1737,NAME_1737
1738,NAME_1738
1739,NAME_1739
1740,NAME_1740
1741,NAME_1741
1742,NAME_1742
1743,NAME_1743
1744,NAME_1744
1745,NAME_1745
1746,NAME_1746
1747,NAME_1747
1748,NAME_1748
1749,NAME_1749
1750,NAME_1750
1751,NAME_1751
1752,NAME_1752
1753,NAME_1753
1754,NAME_1754
1755,NAME_1755
1756,NAME_1756
1757,NAME_1757
1758,NAME_1758
1759,NAME_1759
1760,NAME_1760
1761,NAME_1761
1762,NAME_1762
1763,NAME_1763
1764,NAME_1764
1765,NAME_1765
1766,NAME_1766
1767,NAME_1767
1768,NAME_1768
1769,NAME_1769
1770,NAME_1770
1771,NAME_1771
1772,NAME_1772
1773,NAME_1773
1774,NAME_1774
1775,NAME_1775
1776,NAME_1776
1777,NAME_1777
1778,NAME_1778
1779,NAME_1779
1780,NAME_1780
1781,NAME_1781
1782,NAME_1782
1783,NAME_1783
1784,NAME_1784
1785,NAME_1785
1786,NAME_1786
1787,NAME_1787
1788,NAME_1788
1789,NAME_1789
1790,NAME_1790
1791,NAME_1791
1792,NAME_1792
1793,NAME_1793
1794,NAME_1794
1795,NAME_1795
1796,NAME_1796
1797,NAME_1797
1798,NAME_1798
1799,NAME_1799
1800,NAME_1800
1801,NAME_1801
1802,NAME_1802
1803,NAME_1803
1804,NAME_1804
1805,NAME_1805
1806,NAME_1806
1807,NAME_1807
1808,NAME_1808
1809,NAME_1809
1810,NAME_1810
1811,NAME_1811
1812,NAME_1812
1813,NAME_1813
1814,NAME_1814
1815,NAME_1815
1816,NAME_1816
1817,NAME_1817
1818,NAME_1818
1819,NAME_1819
1820,NAME_1820
1821,NAME_1821
1822,NAME_1822
1823,NAME_1823
1824,NAME_1824
1825,NAME_1825
1826,NAME_1826
1827,NAME_1827
1828,NAME_1828
1829,NAME_1829
1830,NAME_1830
1831,NAME_1831
1832,NAME_1832
1833,NAME_1833
1834,NAME_1834
1835,NAME_1835
1836,NAME_1836
1837,NAME_1837
1838,NAME_1838
1839,NAME_1839
1840,NAME_1840
1841,NAME_1841
1842,NAME_1842
1843,NAME_1843
1844,NAME_1844
1845,NAME_1845
1846,NAME_1846
1847,NAME_1847
1848,NAME_1848
1849,NAME_1849
1850,NAME_1850
1851,NAME_1851
1852,NAME_1852
1853,NAME_1853
1854,NAME_1854
1855,NAME_1855
1856,NAME_1856
1857,NAME_1857
1858,NAME_1858
1859,NAME_1859
1860,NAME_1860
1861,NAME_1861
1862,NAME_1862
1863,NAME_1863
1864,NAME_1864
1865,NAME_1865
1866,NAME_1866
1867,NAME_1867
1868,NAME_1868
1869,NAME_1869
1870,NAME_1870
1871,NAME_1871
1872,NAME_1872
1873,NAME_1873
1874,NAME_1874
1875,NAME_1875
1876,NAME_1876
1877,NAME_1877
1878,NAME_1878
1879,NAME_1879
1880,NAME_1880
1881,NAME_1881
1882,NAME_1882
1883,NAME_1883
1884,NAME_1884
1885,NAME_1885
1886,NAME_1886
1887,NAME_1887
1888,NAME_1888
1889,NAME_1889
1890,NAME_1890
1891,NAME_1891
1892,NAME_1892
1893,NAME_1893
1894,NAME_1894
1895,NAME_1895
1896,NAME_1896
1897,NAME_1897
1898,NAME_1898
1899,NAME_1899
1900,NAME_1900
1901,NAME_1901
1902,NAME_1902
1903,NAME_1903
1904,NAME_1904
1905,NAME_1905
1906,NAME_1906
1907,NAME_1907
1908,NAME_1908
1909,NAME_1909
1910,NAME_1910
1911,NAME_1911
1912,NAME_1912
1913,NAME_1913
1914,NAME_1914
1915,NAME_1915
1916,NAME_1916
1917,NAME_1917
1918,NAME_1918
1919,NAME_1919
1920,NAME_1920
1921,NAME_1921
1922,NAME_1922
1923,NAME_1923
1924,NAME_1924
1925,NAME_1925
1926,NAME_1926
1927,NAME_1927
1928,NAME_1928
1929,NAME_1929
1930,NAME_1930
1931,NAME_1931
1932,NAME_1932
1933,NAME_1933
1934,NAME_1934
1935,NAME_1935
1936,NAME_1936
1937,NAME_1937
1938,NAME_1938
1939,NAME_1939
1940,NAME_1940
1941,NAME_1941
1942,NAME_1942
1943,NAME_1943
1944,NAME_1944
1945,NAME_1945
1946,NAME_1946
1947,NAME_1947
1948,NAME_1948
1949,NAME_1949
1950,NAME_1950
1951,NAME_1951
1952,NAME_1952
1953,NAME_1953
1954,NAME_1954
1955,NAME_1955
1956,NAME_1956
1957,NAME_1957
1958,NAME_1958
1959,NAME_1959
1960,NAME_1960
1961,NAME_1961
1962,NAME_1962
1963,NAME_1963
1964,NAME_1964
1965,NAME_1965
1966,NAME_1966
1967,NAME_1967
1968,NAME_1968
1969,NAME_1969
1970,NAME_1970
1971,NAME_1971
1972,NAME_1972
1973,NAME_1973
1974,NAME_1974
1975,NAME_1975
1976,NAME_1976
1977,NAME_1977
1978,NAME_1978
1979,NAME_1979
1980,NAME_1980
1981,NAME_1981
1982,NAME_1982
1983,NAME_1983
1984,NAME_1984
1985,NAME_1985
1986,NAME_1986
1987,NAME_1987
1988,NAME_1988
1989,NAME_1989
1990,NAME_1990
1991,NAME_1991
1992,NAME_1992
1993,NAME_1993
1994,NAME_1994
1995,NAME_1995
1996,NAME_1996
1997,NAME_1997
1998,NAME_1998
1999,NAME_1999
2000,NAME_2000
2001,NAME_2001
2002,NAME_2002
2003,NAME_2003
2004,NAME_2004
2005,NAME_2005
2006,NAME_2006
2007,NAME_2007
2008,NAME_2008
2009,NAME_2009
2010,NAME_2010
2011,NAME_2011
2012,NAME_2012
2013,NAME_2013
2014,NAME_2014
2015,NAME_2015
2016,NAME_2016
2017,NAME_2017
2018,NAME_2018
2019,NAME_2019
2020,NAME_2020
2021,NAME_2021
2022,NAME_2022
2023,NAME_2023
2024,NAME_2024
2025,NAME_2025
2026,NAME_2026
2027,NAME_2027
2028,NAME_2028
2029,NAME_2029
2030,NAME_2030
2031,NAME_2031
2032,NAME_2032
2033,NAME_2033
2034,NAME_2034
2035,NAME_2035
2036,NAME_2036
2037,NAME_2037
2038,NAME_2038
2039,NAME_2039
2040,NAME_2040
2041,NAME_2041
2042,NAME_2042
2043,NAME_2043
2044,NAME_2044
2045,NAME_2045
2046,NAME_2046
2047,NAME_2047
2048,NAME_2048
2049,NAME_2049
2050,NAME_2050
2051,NAME_2051
2052,NAME_2052
2053,NAME_2053
2054,NAME_2054
2055,NAME_2055
2056,NAME_2056
2057,NAME_2057
2058,NAME_2058
2059,NAME_2059
2060,NAME_2060
2061,NAME_2061
2062,NAME_2062
2063,NAME_2063
2064,NAME_2064
2065,NAME_2065
2066,NAME_2066
2067,NAME_2067
2068,NAME_2068
2069,NAME_2069
2070,NAME_2070
2071,NAME_2071
2072,NAME_2072
2073,NAME_2073
2074,NAME_2074
2075,NAME_2075
2076,NAME_2076
2077,NAME_2077
2078,NAME_2078
2079,NAME_2079
2080,NAME_2080
2081,NAME_2081
2082,NAME_2082
2083,NAME_2083
2084,NAME_2084
2085,NAME_2085
2086,NAME_2086
2087,NAME_2087
2088,NAME_2088
2089,NAME_2089
2090,NAME_2090
2091,NAME_2091
2092,NAME_2092
2093,NAME_2093
2094,NAME_2094
2095,NAME_2095
2096,NAME_2096
2097,NAME_2097
2098,NAME_2098
2099,NAME_2099
2100,NAME_2100
2101,NAME_2101
2102,NAME_2102
2103,NAME_2103
2104,NAME_2104
2105,NAME_2105
2106,NAME_2106
2107,NAME_2107
2108,NAME_2108
2109,NAME_2109
2110,NAME_2110
2111,NAME_2111
2112,NAME_2112
2113,NAME_2113
2114,NAME_2114
2115,NAME_2115
2116,NAME_2116
2117,NAME_2117
2118,NAME_2118
2119,NAME_2119
2120,NAME_2120
2121,NAME_2121
2122,NAME_2122
2123,NAME_2123
2124,NAME_2124
2125,NAME_2125
2126,NAME_2126
2127,NAME_2127
2128,NAME_2128
2129,NAME_2129
2130,NAME_2130
2131,NAME_2131
2132,NAME_2132
2133,NAME_2133
2134,NAME_2134
2135,NAME_2135
2136,NAME_2136
2137,NAME_2137
2138,NAME_2138
2139,NAME_2139
2140,NAME_2140
2141,NAME_2141
2142,NAME_2142
2143,NAME_2143
2144,NAME_2144
2145,NAME_2145
2146,NAME_2146
2147,NAME_2147
2148,NAME_2148
2149,NAME_2149
2150,NAME_2150
2151,NAME_2151
2152,NAME_2152
2153,NAME_2153
2154,NAME_2154
2155,NAME_2155
2156,NAME_2156
2157,NAME_2157
2158,NAME_2158
2159,NAME_2159
2160,NAME_2160
2161,NAME_2161
2162,NAME_2162
2163,NAME_2163
2164,NAME_2164
2165,NAME_2165
2166,NAME_2166
2167,NAME_2167
2168,NAME_2168
2169,NAME_2169
2170,NAME_2170
2171,NAME_2171
2172,NAME_2172
2173,NAME_2173
2174,NAME_2174
2175,NAME_2175
2176,NAME_2176
2177,NAME_2177
2178,NAME_2178
2179,NAME_2179
2180,NAME_2180
2181,NAME_2181
2182,NAME_2182
2183,NAME_2183
2184,NAME_2184
2185,NAME_2185
2186,NAME_2186
2187,NAME_2187
2188,NAME_2188
2189,NAME_2189
2190,NAME_2190
2191,NAME_2191
2192,NAME_2192
2193,NAME_2193
2194,NAME_2194
2195,NAME_2195
2196,NAME_2196
2197,NAME_2197
2198,NAME_2198
2199,NAME_2199
2200,NAME_2200
2201,NAME_2201
2202,NAME_2202
2203,NAME_2203
2204,NAME_2204
2205,NAME_2205
2206,NAME_2206
2207,NAME_2207
2208,NAME_2208
2209,NAME_2209
2210,NAME_2210
2211,NAME_2211
2212,NAME_2212
2213,NAME_2213
2214,NAME_2214
2215,NAME_2215
2216,NAME_2216
2217,NAME_2217
2218,NAME_2218
2219,NAME_2219
2220,NAME_2220
2221,NAME_2221
2222,NAME_2222
2223,NAME_2223
2224,NAME_2224
2225,NAME_2225
2226,NAME_2226
2227,NAME_2227
2228,NAME_2228
2229,NAME_2229
2230,NAME_2230
2231,NAME_2231
2232,NAME_2232
2233,NAME_2233
2234,NAME_2234
2235,NAME_2235
2236,NAME_2236
2237,NAME_2237
2238,NAME_2238
2239,NAME_2239
2240,NAME_2240
2241,NAME_2241
2242,NAME_2242
2243,NAME_2243
2244,NAME_2244
2245,NAME_2245
2246,NAME_2246
2247,NAME_2247
2248,NAME_2248
2249,NAME_2249
2250,NAME_2250
2251,NAME_2251
2252,NAME_2252
2253,NAME_2253
2254,NAME_2254
2255,NAME_2255
2256,NAME_2256
2257,NAME_2257
2258,NAME_2258
2259,NAME_2259
2260,NAME_2260
2261,NAME_2261
2262,NAME_2262
2263,NAME_2263
2264,NAME_2264
2265,NAME_2265
2266,NAME_2266
2267,NAME_2267
2268,NAME_2268
2269,NAME_2269
2270,NAME_2270
2271,NAME_2271
2272,NAME_2272
2273,NAME_2273
2274,NAME_2274
2275,NAME_2275
2276,NAME_2276
2277,NAME_2277
2278,NAME_2278
2279,NAME_2279
2280,NAME_2280
2281,NAME_2281
2282,NAME_2282
2283,NAME_2283
2284,NAME_2284
2285,NAME_2285
2286,NAME_2286
2287,NAME_2287
2288,NAME_2288
2289,NAME_2289
2290,NAME_2290
2291,NAME_2291
2292,NAME_2292
2293,NAME_2293
2294,NAME_2294
2295,NAME_2295
2296,NAME_2296
2297,NAME_2297
2298,NAME_2298
2299,NAME_2299
2300,NAME_2300
2301,NAME_2301
2302,NAME_2302
2303,NAME_2303
2304,NAME_2304
2305,NAME_2305
2306,NAME_2306
2307,NAME_2307
2308,NAME_2308
2309,NAME_2309
2310,NAME_2310
2311,NAME_2311
2312,NAME_2312
2313,NAME_2313
2314,NAME_2314
2315,NAME_2315
2316,NAME_2316
2317,NAME_2317
2318,NAME_2318
2319,NAME_2319
2320,NAME_2320
2321,NAME_2321
2322,NAME_2322
2323,NAME_2323
2324,NAME_2324
2325,NAME_2325
2326,NAME_2326
2327,NAME_2327
2328,NAME_2328
2329,NAME_2329
2330,NAME_2330
2331,NAME_2331
2332,NAME_2332
2333,NAME_2333
2334,NAME_2334
2335,NAME_2335
2336,NAME_2336
2337,NAME_2337
2338,NAME_2338
2339,NAME_2339
2340,NAME_2340
2341,NAME_2341
2342,NAME_2342
2343,NAME_2343
2344,NAME_2344
2345,NAME_2345
2346,NAME_2346
2347,NAME_2347
2348,NAME_2348
2349,NAME_2349
2350,NAME_2350
2351,NAME_2351
2352,NAME_2352
2353,NAME_2353
2354,NAME_2354
2355,NAME_2355
2356,NAME_2356
2357,NAME_2357
2358,NAME_2358
2359,NAME_2359
2360,NAME_2360
2361,NAME_2361
2362,NAME_2362
2363,NAME_2363
2364,NAME_2364
2365,NAME_2365
2366,NAME_2366
2367,NAME_2367
2368,NAME_2368
2369,NAME_2369
2370,NAME_2370
2371,NAME_2371
2372,NAME_2372
2373,NAME_2373
2374,NAME_2374
2375,NAME_2375
2376,NAME_2376
2377,NAME_2377
2378,NAME_2378
2379,NAME_2379
2380,NAME_2380
2381,NAME_2381
2382,NAME_2382
2383,NAME_2383
2384,NAME_2384
2385,NAME_2385
2386,NAME_2386
2387,NAME_2387
2388,NAME_2388
2389,NAME_2389
2390,NAME_2390
2391,NAME_2391
2392,NAME_2392
2393,NAME_2393
2394,NAME_2394
2395,NAME_2395
2396,NAME_2396
2397,NAME_2397
2398,NAME_2398
2399,NAME_2399
2400,NAME_2400
2401,NAME_2401
2402,NAME_2402
2403,NAME_2403
2404,NAME_2404
2405,NAME_2405
2406,NAME_2406
2407,NAME_2407
2408,NAME_2408
2409,NAME_2409
2410,NAME_2410
2411,NAME_2411
2412,NAME_2412
2413,NAME_2413
2414,NAME_2414
2415,NAME_2415
2416,NAME_2416
2417,NAME_2417
2418,NAME_2418
2419,NAME_2419
2420,NAME_2420
2421,NAME_2421
2422,NAME_2422
2423,NAME_2423
2424,NAME_2424
2425,NAME_2425
2426,NAME_2426
2427,NAME_2427
2428,NAME_2428
2429,NAME_2429
2430,NAME_2430
2431,NAME_2431
2432,NAME_2432
2433,NAME_2433
2434,NAME_2434
2435,NAME_2435
2436,NAME_2436
2437,NAME_2437
2438,NAME_2438
2439,NAME_2439
2440,NAME_2440
2441,NAME_2441
2442,NAME_2442
2443,NAME_2443
2444,NAME_2444
2445,NAME_2445
2446,NAME_2446
2447,NAME_2447
2448,NAME_2448
2449,NAME_2449
2450,NAME_2450
2451,NAME_2451
2452,NAME_2452
2453,NAME_2453
2454,NAME_2454
2455,NAME_2455
2456,NAME_2456
2457,NAME_2457
2458,NAME_2458
2459,NAME_2459
2460,NAME_2460
2461,NAME_2461
2462,NAME_2462
2463,NAME_2463
2464,NAME_2464
2465,NAME_2465
2466,NAME_2466
2467,NAME_2467
2468,NAME_2468
2469,NAME_2469
2470,NAME_2470
2471,NAME_2471
2472,NAME_2472
2473,NAME_2473
2474,NAME_2474
2475,NAME_2475
2476,NAME_2476
2477,NAME_2477
2478,NAME_2478
2479,NAME_2479
2480,NAME_2480
2481,NAME_2481
2482,NAME_2482
2483,NAME_2483
2484,NAME_2484
2485,NAME_2485
2486,NAME_2486
2487,NAME_2487
2488,NAME_2488
2489,NAME_2489
2490,NAME_2490
2491,NAME_2491
2492,NAME_2492
2493,NAME_2493
2494,NAME_2494
2495,NAME_2495
2496,NAME_2496
2497,NAME_2497
2498,NAME_2498
2499,NAME_2499
2500,NAME_2500
2501,NAME_2501
2502,NAME_2502
2503,NAME_2503
2504,NAME_2504
2505,NAME_2505
2506,NAME_2506
2507,NAME_2507
2508,NAME_2508
2509,NAME_2509
2510,NAME_2510
2511,NAME_2511
2512,NAME_2512
2513,NAME_2513
2514,NAME_2514
2515,NAME_2515
2516,NAME_2516
2517,NAME_2517
2518,NAME_2518
2519,NAME_2519
2520,NAME_2520
2521,NAME_2521
2522,NAME_2522
2523,NAME_2523
2524,NAME_2524
2525,NAME_2525
2526,NAME_2526
2527,NAME_2527
2528,NAME_2528
2529,NAME_2529
2530,NAME_2530
2531,NAME_2531
2532,NAME_2532
2533,NAME_2533
2534,NAME_2534
2535,NAME_2535
2536,NAME_2536
2537,NAME_2537
2538,NAME_2538
2539,NAME_2539
2540,NAME_2540
2541,NAME_2541
2542,NAME_2542
2543,NAME_2543
2544,NAME_2544
2545,NAME_2545
2546,NAME_2546
2547,NAME_2547
2548,NAME_2548
2549,NAME_2549
2550,NAME_2550
2551,NAME_2551
2552,NAME_2552
2553,NAME_2553
2554,NAME_2554
2555,NAME_2555
2556,NAME_2556
2557,NAME_2557
2558,NAME_2558
2559,NAME_2559
2560,NAME_2560
2561,NAME_2561
2562,NAME_2562
2563,NAME_2563
2564,NAME_2564
2565,NAME_2565
2566,NAME_2566
2567,NAME_2567
2568,NAME_2568
2569,NAME_2569
2570,NAME_2570
2571,NAME_2571
2572,NAME_2572
2573,NAME_2573
2574,NAME_2574
2575,NAME_2575
2576,NAME_2576
2577,NAME_2577
2578,NAME_2578
2579,NAME_2579
2580,NAME_2580
2581,NAME_2581
2582,NAME_2582
2583,NAME_2583
2584,NAME_2584
2585,NAME_2585
2586,NAME_2586
2587,NAME_2587
2588,NAME_2588
2589,NAME_2589
2590,NAME_2590
2591,NAME_2591
2592,NAME_2592
2593,NAME_2593
2594,NAME_2594
2595,NAME_2595
2596,NAME_2596
2597,NAME_2597
2598,NAME_2598
2599,NAME_2599
2600,NAME_2600
2601,NAME_2601
2602,NAME_2602
2603,NAME_2603
2604,NAME_2604
2605,NAME_2605
2606,NAME_2606
2607,NAME_2607
2608,NAME_2608
2609,NAME_2609
2610,NAME_2610
2611,NAME_2611
2612,NAME_2612
2613,NAME_2613
2614,NAME_2614
2615,NAME_2615
2616,NAME_2616
2617,NAME_2617
2618,NAME_2618
2619,NAME_2619
2620,NAME_2620
2621,NAME_2621
2622,NAME_2622
2623,NAME_2623
2624,NAME_2624
2625,NAME_2625
2626,NAME_2626
2627,NAME_2627
2628,NAME_2628
2629,NAME_2629
2630,NAME_2630
2631,NAME_2631
2632,NAME_2632
2633,NAME_2633
2634,NAME_2634
2635,NAME_2635
2636,NAME_2636
2637,NAME_2637
2638,NAME_2638
2639,NAME_2639
2640,NAME_2640
2641,NAME_2641
2642,NAME_2642
2643,NAME_2643
2644,NAME_2644
2645,NAME_2645
2646,NAME_2646
2647,NAME_2647
2648,NAME_2648
2649,NAME_2649
2650,NAME_2650
2651,NAME_2651
2652,NAME_2652
2653,NAME_2653
2654,NAME_2654
2655,NAME_2655
2656,NAME_2656
2657,NAME_2657
2658,NAME_2658
2659,NAME_2659
2660,NAME_2660
2661,NAME_2661
2662,NAME_2662
2663,NAME_2663
2664,NAME_2664
2665,NAME_2665
2666,NAME_2666
2667,NAME_2667
2668,NAME_2668
2669,NAME_2669
2670,NAME_2670
2671,NAME_2671
2672,NAME_2672
2673,NAME_2673
2674,NAME_2674
2675,NAME_2675
2676,NAME_2676
2677,NAME_2677
2678,NAME_2678
2679,NAME_2679
2680,NAME_2680
2681,NAME_2681
2682,NAME_2682
2683,NAME_2683
2684,NAME_2684
2685,NAME_2685
2686,NAME_2686
2687,NAME_2687
2688,NAME_2688
2689,NAME_2689
2690,NAME_2690
2691,NAME_2691
2692,NAME_2692
2693,NAME_2693
2694,NAME_2694
2695,NAME_2695
2696,NAME_2696
2697,NAME_2697
2698,NAME_2698
2699,NAME_2699
2700,NAME_2700
2701,NAME_2701
2702,NAME_2702
2703,NAME_2703
2704,NAME_2704
2705,NAME_2705
2706,NAME_2706
2707,NAME_2707
2708,NAME_2708
2709,NAME_2709
2710,NAME_2710
2711,NAME_2711
2712,NAME_2712
2713,NAME_2713
2714,NAME_2714
2715,NAME_2715
2716,NAME_2716
2717,NAME_2717
2718,NAME_2718
2719,NAME_2719
2720,NAME_2720
2721,NAME_2721
2722,NAME_2722
2723,NAME_2723
2724,NAME_2724
2725,NAME_2725
2726,NAME_2726
2727,NAME_2727
2728,NAME_2728
2729,NAME_2729
2730,NAME_2730
2731,NAME_2731
2732,NAME_2732
2733,NAME_2733
2734,NAME_2734
2735,NAME_2735
2736,NAME_2736
2737,NAME_2737
2738,NAME_2738
2739,NAME_2739
2740,NAME_2740
2741,NAME_2741
2742,NAME_2742
2743,NAME_2743
2744,NAME_2744
2745,NAME_2745
2746,NAME_2746
2747,NAME_2747
2748,NAME_2748
2749,NAME_2749
2750,NAME_2750
2751,NAME_2751
2752,NAME_2752
2753,NAME_2753
2754,NAME_2754
2755,NAME_2755
2756,NAME_2756
2757,NAME_2757
2758,NAME_2758
2759,NAME_2759
2760,NAME_2760
2761,NAME_2761
2762,NAME_2762
2763,NAME_2763
2764,NAME_2764
2765,NAME_2765
2766,NAME_2766
2767,NAME_2767
2768,NAME_2768
2769,NAME_2769
2770,NAME_2770
2771,NAME_2771
2772,NAME_2772
2773,NAME_2773
2774,NAME_2774
2775,NAME_2775
2776,NAME_2776
2777,NAME_2777
2778,NAME_2778
2779,NAME_2779
2780,NAME_2780
2781,NAME_2781
2782,NAME_2782
2783,NAME_2783
2784,NAME_2784
2785,NAME_2785
2786,NAME_2786
2787,NAME_2787
2788,NAME_2788
2789,NAME_2789
2790,NAME_2790
2791,NAME_2791
2792,NAME_2792
2793,NAME_2793
2794,NAME_2794
2795,NAME_2795
2796,NAME_2796
2797,NAME_2797
2798,NAME_2798
2799,NAME_2799
2800,NAME_2800
2801,NAME_2801
2802,NAME_2802
2803,NAME_2803
2804,NAME_2804
2805,NAME_2805
2806,NAME_2806
2807,NAME_2807
2808,NAME_2808
2809,NAME_2809
2810,NAME_2810
2811,NAME_2811
2812,NAME_2812
2813,NAME_2813
2814,NAME_2814
2815,NAME_2815
2816,NAME_2816
2817,NAME_2817
2818,NAME_2818
2819,NAME_2819
2820,NAME_2820
2821,NAME_2821
2822,NAME_2822
2823,NAME_2823
2824,NAME_2824
2825,NAME_2825
2826,NAME_2826
2827,NAME_2827
2828,NAME_2828
2829,NAME_2829
2830,NAME_2830
2831,NAME_2831
2832,NAME_2832
2833,NAME_2833
2834,NAME_2834
2835,NAME_2835
2836,NAME_2836
2837,NAME_2837
2838,NAME_2838
2839,NAME_2839
2840,NAME_2840
2841,NAME_2841
2842,NAME_2842
2843,NAME_2843
2844,NAME_2844
2845,NAME_2845
2846,NAME_2846
2847,NAME_2847
2848,NAME_2848
2849,NAME_2849
2850,NAME_2850
2851,NAME_2851
2852,NAME_2852
2853,NAME_2853
2854,NAME_2854
2855,NAME_2855
2856,NAME_2856
2857,NAME_2857
2858,NAME_2858
2859,NAME_2859
2860,NAME_2860
2861,NAME_2861
2862,NAME_2862
2863,NAME_2863
2864,NAME_2864
2865,NAME_2865
2866,NAME_2866
2867,NAME_2867
2868,NAME_2868
2869,NAME_2869
2870,NAME_2870
2871,NAME_2871
2872,NAME_2872
2873,NAME_2873
2874,NAME_2874
2875,NAME_2875
2876,NAME_2876
2877,NAME_2877
2878,NAME_2878
2879,NAME_2879
2880,NAME_2880
2881,NAME_2881
2882,NAME_2882
2883,NAME_2883
2884,NAME_2884
2885,NAME_2885
2886,NAME_2886
2887,NAME_2887
2888,NAME_2888
2889,NAME_2889
2890,NAME_2890
2891,NAME_2891
2892,NAME_2892
2893,NAME_2893
2894,NAME_2894
2895,NAME_2895
2896,NAME_2896
2897,NAME_2897
2898,NAME_2898
2899,NAME_2899
2900,NAME_2900
2901,NAME_2901
2902,NAME_2902
2903,NAME_2903
2904,NAME_2904
2905,NAME_2905
2906,NAME_2906
2907,NAME_2907
2908,NAME_2908
2909,NAME_2909
2910,NAME_2910
2911,NAME_2911
2912,NAME_2912
2913,NAME_2913
2914,NAME_2914
2915,NAME_2915
2916,NAME_2916
2917,NAME_2917
2918,NAME_2918
2919,NAME_2919
2920,NAME_2920
2921,NAME_2921
2922,NAME_2922
2923,NAME_2923
2924,NAME_2924
2925,NAME_2925
2926,NAME_2926
2927,NAME_2927
2928,NAME_2928
2929,NAME_2929
2930,NAME_2930
2931,NAME_2931
2932,NAME_2932
2933,NAME_2933
2934,NAME_2934
2935,NAME_2935
2936,NAME_2936
2937,NAME_2937
2938,NAME_2938
2939,NAME_2939
2940,NAME_2940
2941,NAME_2941
2942,NAME_2942
2943,NAME_2943
2944,NAME_2944
2945,NAME_2945
2946,NAME_2946
2947,NAME_2947
2948,NAME_2948
2949,NAME_2949
2950,NAME_2950
2951,NAME_2951
2952,NAME_2952
2953,NAME_2953
2954,NAME_2954
2955,NAME_2955
2956,NAME_2956
2957,NAME_2957
2958,NAME_2958
2959,NAME_2959
2960,NAME_2960
2961,NAME_2961
2962,NAME_2962
2963,NAME_2963
2964,NAME_2964
2965,NAME_2965
2966,NAME_2966
2967,NAME_2967
2968,NAME_2968
2969,NAME_2969
2970,NAME_2970
2971,NAME_2971
2972,NAME_2972
2973,NAME_2973
2974,NAME_2974
2975,NAME_2975
2976,NAME_2976
2977,NAME_2977
2978,NAME_2978
2979,NAME_2979
2980,NAME_2980
2981,NAME_2981
2982,NAME_2982
2983,NAME_2983
2984,NAME_2984
2985,NAME_2985
2986,NAME_2986
2987,NAME_2987
2988,NAME_2988
2989,NAME_2989
2990,NAME_2990
2991,NAME_2991
2992,NAME_2992
2993,NAME_2993
2994,NAME_2994
2995,NAME_2995
2996,NAME_2996
2997,NAME_2997
2998,NAME_2998
2999,NAME_2999
3000,NAME_3000
3001,NAME_3001
3002,NAME_3002
3003,NAME_3003
3004,NAME_3004
3005,NAME_3005
3006,NAME_3006
3007,NAME_3007
3008,NAME_3008
3009,NAME_3009
3010,NAME_3010
3011,NAME_3011
3012,NAME_3012
3013,NAME_3013
3014,NAME_3014
3015,NAME_3015
3016,NAME_3016
3017,NAME_3017
3018,NAME_3018
3019,NAME_3019
3020,NAME_3020
3021,NAME_3021
3022,NAME_3022
3023,NAME_3023
3024,NAME_3024
3025,NAME_3025
3026,NAME_3026
3027,NAME_3027
3028,NAME_3028
3029,NAME_3029
3030,NAME_3030
3031,NAME_3031
3032,NAME_3032
3033,NAME_3033
3034,NAME_3034
3035,NAME_3035
3036,NAME_3036
3037,NAME_3037
3038,NAME_3038
3039,NAME_3039
3040,NAME_3040
3041,NAME_3041
3042,NAME_3042
3043,NAME_3043
3044,NAME_3044
3045,NAME_3045
3046,NAME_3046
3047,NAME_3047
3048,NAME_3048
3049,NAME_3049
3050,NAME_3050
3051,NAME_3051
3052,NAME_3052
3053,NAME_3053
3054,NAME_3054
3055,NAME_3055
3056,NAME_3056
3057,NAME_3057
3058,NAME_3058
3059,NAME_3059
3060,NAME_3060
3061,NAME_3061
3062,NAME_3062
3063,NAME_3063
3064,NAME_3064
3065,NAME_3065
3066,NAME_3066
3067,NAME_3067
3068,NAME_3068
3069,NAME_3069
3070,NAME_3070
3071,NAME_3071
3072,NAME_3072
3073,NAME_3073
3074,NAME_3074
3075,NAME_3075
3076,NAME_3076
3077,NAME_3077
3078,NAME_3078
3079,NAME_3079
3080,NAME_3080
3081,NAME_3081
3082,NAME_3082
3083,NAME_3083
3084,NAME_3084
3085,NAME_3085
3086,NAME_3086
3087,NAME_3087
3088,NAME_3088
3089,NAME_3089
3090,NAME_3090
3091,NAME_3091
3092,NAME_3092
3093,NAME_3093
3094,NAME_3094
3095,NAME_3095
3096,NAME_3096
3097,NAME_3097
3098,NAME_3098
3099,NAME_3099
3100,NAME_3100
3101,NAME_3101
3102,NAME_3102
3103,NAME_3103
3104,NAME_3104
3105,NAME_3105
3106,NAME_3106
3107,NAME_3107
3108,NAME_3108
3109,NAME_3109
3110,NAME_3110
3111,NAME_3111
3112,NAME_3112
3113,NAME_3113
3114,NAME_3114
3115,NAME_3115
3116,NAME_3116
3117,NAME_3117
3118,NAME_3118
3119,NAME_3119
3120,NAME_3120
3121,NAME_3121
3122,NAME_3122
3123,NAME_3123
3124,NAME_3124
3125,NAME_3125
3126,NAME_3126
3127,NAME_3127
3128,NAME_3128
3129,NAME_3129
3130,NAME_3130
3131,NAME_3131
3132,NAME_3132
3133,NAME_3133
3134,NAME_3134
3135,NAME_3135
3136,NAME_3136
3137,NAME_3137
3138,NAME_3138
3139,NAME_3139
3140,NAME_3140
3141,NAME_3141
3142,NAME_3142
3143,NAME_3143
3144,NAME_3144
3145,NAME_3145
3146,NAME_3146
3147,NAME_3147
3148,NAME_3148
3149,NAME_3149
3150,NAME_3150
3151,NAME_3151
3152,NAME_3152
3153,NAME_3153
3154,NAME_3154
3155,NAME_3155
3156,NAME_3156
3157,NAME_3157
3158,NAME_3158
3159,NAME_3159
3160,NAME_3160
3161,NAME_3161
3162,NAME_3162
3163,NAME_3163
3164,NAME_3164
3165,NAME_3165
3166,NAME_3166
3167,NAME_3167
3168,NAME_3168
3169,NAME_3169
3170,NAME_3170
3171,NAME_3171
3172,NAME_3172
3173,NAME_3173
3174,NAME_3174
3175,NAME_3175
3176,NAME_3176
3177,NAME_3177
3178,NAME_3178
3179,NAME_3179
3180,NAME_3180
3181,NAME_3181
3182,NAME_3182
3183,NAME_3183
3184,NAME_3184
3185,NAME_3185
3186,NAME_3186
3187,NAME_3187
3188,NAME_3188
3189,NAME_3189
3190,NAME_3190
3191,NAME_3191
3192,NAME_3192
3193,NAME_3193
3194,NAME_3194
3195,NAME_3195
3196,NAME_3196
3197,NAME_3197
3198,NAME_3198
3199,NAME_3199
3200,NAME_3200
3201,NAME_3201
3202,NAME_3202
3203,NAME_3203
3204,NAME_3204
3205,NAME_3205
3206,NAME_3206
3207,NAME_3207
3208,NAME_3208
3209,NAME_3209
3210,NAME_3210
3211,NAME_3211
3212,NAME_3212
3213,NAME_3213
3214,NAME_3214
3215,NAME_3215
3216,NAME_3216
3217,NAME_3217
3218,NAME_3218
3219,NAME_3219
3220,NAME_3220
3221,NAME_3221
3222,NAME_3222
3223,NAME_3223
3224,NAME_3224
3225,NAME_3225
3226,NAME_3226
3227,NAME_3227
3228,NAME_3228
3229,NAME_3229
3230,NAME_3230
3231,NAME_3231
3232,NAME_3232
3233,NAME_3233
3234,NAME_3234
3235,NAME_3235
3236,NAME_3236
3237,NAME_3237
3238,NAME_3238
3239,NAME_3239
3240,NAME_3240
3241,NAME_3241
3242,NAME_3242
3243,NAME_3243
3244,NAME_3244
3245,NAME_3245
3246,NAME_3246
3247,NAME_3247
3248,NAME_3248
3249,NAME_3249
3250,NAME_3250
3251,NAME_3251
3252,NAME_3252
3253,NAME_3253
3254,NAME_3254
3255,NAME_3255
3256,NAME_3256
3257,NAME_3257
3258,NAME_3258
3259,NAME_3259
3260,NAME_3260
3261,NAME_3261
3262,NAME_3262
3263,NAME_3263
3264,NAME_3264
3265,NAME_3265
3266,NAME_3266
3267,NAME_3267
3268,NAME_3268
3269,NAME_3269
3270,NAME_3270
3271,NAME_3271
3272,NAME_3272
3273,NAME_3273
3274,NAME_3274
3275,NAME_3275
3276,NAME_3276
3277,NAME_3277
3278,NAME_3278
3279,NAME_3279
3280,NAME_3280
3281,NAME_3281
3282,NAME_3282
3283,NAME_3283
3284,NAME_3284
3285,NAME_3285
3286,NAME_3286
3287,NAME_3287
3288,NAME_3288
3289,NAME_3289
3290,NAME_3290
3291,NAME_3291
3292,NAME_3292
3293,NAME_3293
3294,NAME_3294
3295,NAME_3295
3296,NAME_3296
3297,NAME_3297
3298,NAME_3298
3299,NAME_3299
3300,NAME_3300
3301,NAME_3301
3302,NAME_3302
3303,NAME_3303
3304,NAME_3304
3305,NAME_3305
3306,NAME_3306
3307,NAME_3307
3308,NAME_3308
3309,NAME_3309
3310,NAME_3310
3311,NAME_3311
3312,NAME_3312
3313,NAME_3313
3314,NAME_3314
3315,NAME_3315
3316,NAME_3316
3317,NAME_3317
3318,NAME_3318
3319,NAME_3319
3320,NAME_3320
3321,NAME_3321
3322,NAME_3322
3323,NAME_3323
3324,NAME_3324
3325,NAME_3325
3326,NAME_3326
3327,NAME_3327
3328,NAME_3328
3329,NAME_3329
3330,NAME_3330
3331,NAME_3331
3332,NAME_3332
3333,NAME_3333
3334,NAME_3334
3335,NAME_3335
3336,NAME_3336
3337,NAME_3337
3338,NAME_3338
3339,NAME_3339
3340,NAME_3340
3341,NAME_3341
3342,NAME_3342
3343,NAME_3343
3344,NAME_3344
3345,NAME_3345
3346,NAME_3346
3347,NAME_3347
3348,NAME_3348
3349,NAME_3349
3350,NAME_3350
3351,NAME_3351
3352,NAME_3352
3353,NAME_3353
3354,NAME_3354
3355,NAME_3355
3356,NAME_3356
3357,NAME_3357
3358,NAME_3358
3359,NAME_3359
3360,NAME_3360
3361,NAME_3361
3362,NAME_3362
3363,NAME_3363
3364,NAME_3364
3365,NAME_3365
3366,NAME_3366
3367,NAME_3367
3368,NAME_3368
3369,NAME_3369
3370,NAME_3370
3371,NAME_3371
3372,NAME_3372
3373,NAME_3373
3374,NAME_3374
3375,NAME_3375
3376,NAME_3376
3377,NAME_3377
3378,NAME_3378
3379,NAME_3379
3380,NAME_3380
3381,NAME_3381
3382,NAME_3382
3383,NAME_3383
3384,NAME_3384
3385,NAME_3385
3386,NAME_3386
3387,NAME_3387
3388,NAME_3388
3389,NAME_3389
3390,NAME_3390
3391,NAME_3391
3392,NAME_3392
3393,NAME_3393
3394,NAME_3394
3395,NAME_3395
3396,NAME_3396
3397,NAME_3397
3398,NAME_3398
3399,NAME_3399
3400,NAME_3400
3401,NAME_3401
3402,NAME_3402
3403,NAME_3403
3404,NAME_3404
3405,NAME_3405
3406,NAME_3406
3407,NAME_3407
3408,NAME_3408
3409,NAME_3409
3410,NAME_3410
3411,NAME_3411
3412,NAME_3412
3413,NAME_3413
3414,NAME_3414
3415,NAME_3415
3416,NAME_3416
3417,NAME_3417
3418,NAME_3418
3419,NAME_3419
3420,NAME_3420
3421,NAME_3421
3422,NAME_3422
3423,NAME_3423
3424,NAME_3424
3425,NAME_3425
3426,NAME_3426
3427,NAME_3427
3428,NAME_3428
3429,NAME_3429
3430,NAME_3430
3431,NAME_3431
3432,NAME_3432
3433,NAME_3433
3434,NAME_3434
3435,NAME_3435
3436,NAME_3436
3437,NAME_3437
3438,NAME_3438
3439,NAME_3439
3440,NAME_3440
3441,NAME_3441
3442,NAME_3442
3443,NAME_3443
3444,NAME_3444
3445,NAME_3445
3446,NAME_3446
3447,NAME_3447
3448,NAME_3448
3449,NAME_3449
3450,NAME_3450
3451,NAME_3451
3452,NAME_3452
3453,NAME_3453
3454,NAME_3454
3455,NAME_3455
3456,NAME_3456
3457,NAME_3457
3458,NAME_3458
3459,NAME_3459
3460,NAME_3460
3461,NAME_3461
3462,NAME_3462
3463,NAME_3463
3464,NAME_3464
3465,NAME_3465
3466,NAME_3466
3467,NAME_3467
3468,NAME_3468
3469,NAME_3469
3470,NAME_3470
3471,NAME_3471
3472,NAME_3472
3473,NAME_3473
3474,NAME_3474
3475,NAME_3475
3476,NAME_3476
3477,NAME_3477
3478,NAME_3478
3479,NAME_3479
3480,NAME_3480
3481,NAME_3481
3482,NAME_3482
3483,NAME_3483
3484,NAME_3484
3485,NAME_3485
3486,NAME_3486
3487,NAME_3487
3488,NAME_3488
3489,NAME_3489
3490,NAME_3490
3491,NAME_3491
3492,NAME_3492
3493,NAME_3493
3494,NAME_3494
3495,NAME_3495
3496,NAME_3496
3497,NAME_3497
3498,NAME_3498
3499,NAME_3499
3500,NAME_3500
3501,NAME_3501
3502,NAME_3502
3503,NAME_3503
3504,NAME_3504
3505,NAME_3505
3506,NAME_3506
3507,NAME_3507
3508,NAME_3508
3509,NAME_3509
3510,NAME_3510
3511,NAME_3511
3512,NAME_3512
3513,NAME_3513
3514,NAME_3514
3515,NAME_3515
3516,NAME_3516
3517,NAME_3517
3518,NAME_3518
3519,NAME_3519
3520,NAME_3520
3521,NAME_3521
3522,NAME_3522
3523,NAME_3523
3524,NAME_3524
3525,NAME_3525
3526,NAME_3526
3527,NAME_3527
3528,NAME_3528
3529,NAME_3529
3530,NAME_3530
3531,NAME_3531
3532,NAME_3532
3533,NAME_3533
3534,NAME_3534
3535,NAME_3535
3536,NAME_3536
3537,NAME_3537
3538,NAME_3538
3539,NAME_3539
3540,NAME_3540
3541,NAME_3541
3542,NAME_3542
3543,NAME_3543
3544,NAME_3544
3545,NAME_3545
3546,NAME_3546
3547,NAME_3547
3548,NAME_3548
3549,NAME_3549
3550,NAME_3550
3551,NAME_3551
3552,NAME_3552
3553,NAME_3553
3554,NAME_3554
3555,NAME_3555
3556,NAME_3556
3557,NAME_3557
3558,NAME_3558
3559,NAME_3559
3560,NAME_3560
3561,NAME_3561
3562,NAME_3562
3563,NAME_3563
3564,NAME_3564
3565,NAME_3565
3566,NAME_3566
3567,NAME_3567
3568,NAME_3568
3569,NAME_3569
3570,NAME_3570
3571,NAME_3571
3572,NAME_3572
3573,NAME_3573
3574,NAME_3574
3575,NAME_3575
3576,NAME_3576
3577,NAME_3577
3578,NAME_3578
3579,NAME_3579
3580,NAME_3580
3581,NAME_3581
3582,NAME_3582
3583,NAME_3583
3584,NAME_3584
3585,NAME_3585
3586,NAME_3586
3587,NAME_3587
3588,NAME_3588
3589,NAME_3589
3590,NAME_3590
3591,NAME_3591
3592,NAME_3592
3593,NAME_3593
3594,NAME_3594
3595,NAME_3595
3596,NAME_3596
3597,NAME_3597
3598,NAME_3598
3599,NAME_3599
3600,NAME_3600
3601,NAME_3601
3602,NAME_3602
3603,NAME_3603
3604,NAME_3604
3605,NAME_3605
3606,NAME_3606
3607,NAME_3607
3608,NAME_3608
3609,NAME_3609
3610,NAME_3610
3611,NAME_3611
3612,NAME_3612
3613,NAME_3613
3614,NAME_3614
3615,NAME_3615
3616,NAME_3616
3617,NAME_3617
3618,NAME_3618
3619,NAME_3619
3620,NAME_3620
3621,NAME_3621
3622,NAME_3622
3623,NAME_3623
3624,NAME_3624
3625,NAME_3625
3626,NAME_3626
3627,NAME_3627
3628,NAME_3628
3629,NAME_3629
3630,NAME_3630
3631,NAME_3631
3632,NAME_3632
3633,NAME_3633
3634,NAME_3634
3635,NAME_3635
3636,NAME_3636
3637,NAME_3637
3638,NAME_3638
3639,NAME_3639
3640,NAME_3640
3641,NAME_3641
3642,NAME_3642
3643,NAME_3643
3644,NAME_3644
3645,NAME_3645
3646,NAME_3646
3647,NAME_3647
3648,NAME_3648
3649,NAME_3649
3650,NAME_3650
3651,NAME_3651
3652,NAME_3652
3653,NAME_3653
3654,NAME_3654
3655,NAME_3655
3656,NAME_3656
3657,NAME_3657
3658,NAME_3658
3659,NAME_3659
3660,NAME_3660
3661,NAME_3661
3662,NAME_3662
3663,NAME_3663
3664,NAME_3664
3665,NAME_3665
3666,NAME_3666
3667,NAME_3667
3668,NAME_3668
3669,NAME_3669
3670,NAME_3670
3671,NAME_3671
3672,NAME_3672
3673,NAME_3673
3674,NAME_3674
3675,NAME_3675
3676,NAME_3676
3677,NAME_3677
3678,NAME_3678
3679,NAME_3679
3680,NAME_3680
3681,NAME_3681
3682,NAME_3682
3683,NAME_3683
3684,NAME_3684
3685,NAME_3685
3686,NAME_3686
3687,NAME_3687
3688,NAME_3688
3689,NAME_3689
3690,NAME_3690
3691,NAME_3691
3692,NAME_3692
3693,NAME_3693
3694,NAME_3694
3695,NAME_3695
3696,NAME_3696
3697,NAME_3697
3698,NAME_3698
3699,NAME_3699
3700,NAME_3700
3701,NAME_3701
3702,NAME_3702
3703,NAME_3703
3704,NAME_3704
3705,NAME_3705
3706,NAME_3706
3707,NAME_3707
3708,NAME_3708
3709,NAME_3709
3710,NAME_3710
3711,NAME_3711
3712,NAME_3712
3713,NAME_3713
3714,NAME_3714
3715,NAME_3715
3716,NAME_3716
3717,NAME_3717
3718,NAME_3718
3719,NAME_3719
3720,NAME_3720
3721,NAME_3721
3722,NAME_3722
3723,NAME_3723
3724,NAME_3724
3725,NAME_3725
3726,NAME_3726
3727,NAME_3727
3728,NAME_3728
3729,NAME_3729
3730,NAME_3730
3731,NAME_3731
3732,NAME_3732
3733,NAME_3733
3734,NAME_3734
3735,NAME_3735
3736,NAME_3736
3737,NAME_3737
3738,NAME_3738
3739,NAME_3739
3740,NAME_3740
3741,NAME_3741
3742,NAME_3742
3743,NAME_3743
3744,NAME_3744
3745,NAME_3745
3746,NAME_3746
3747,NAME_3747
3748,NAME_3748
3749,NAME_3749
3750,NAME_3750
3751,NAME_3751
3752,NAME_3752
3753,NAME_3753
3754,NAME_3754
3755,NAME_3755
3756,NAME_3756
3757,NAME_3757
3758,NAME_3758
3759,NAME_3759
3760,NAME_3760
3761,NAME_3761
3762,NAME_3762
3763,NAME_3763
3764,NAME_3764
3765,NAME_3765
3766,NAME_3766
3767,NAME_3767
3768,NAME_3768
3769,NAME_3769
3770,NAME_3770
3771,NAME_3771
3772,NAME_3772
3773,NAME_3773
3774,NAME_3774
3775,NAME_3775
3776,NAME_3776
3777,NAME_3777
3778,NAME_3778
3779,NAME_3779
3780,NAME_3780
3781,NAME_3781
3782,NAME_3782
3783,NAME_3783
3784,NAME_3784
3785,NAME_3785
3786,NAME_3786
3787,NAME_3787
3788,NAME_3788
3789,NAME_3789
3790,NAME_3790
3791,NAME_3791
3792,NAME_3792
3793,NAME_3793
3794,NAME_3794
3795,NAME_3795
3796,NAME_3796
3797,NAME_3797
3798,NAME_3798
3799,NAME_3799
3800,NAME_3800
3801,NAME_3801
3802,NAME_3802
3803,NAME_3803
3804,NAME_3804
3805,NAME_3805
3806,NAME_3806
3807,NAME_3807
3808,NAME_3808
3809,NAME_3809
3810,NAME_3810
3811,NAME_3811
3812,NAME_3812
3813,NAME_3813
3814,NAME_3814
3815,NAME_3815
3816,NAME_3816
3817,NAME_3817
3818,NAME_3818
3819,NAME_3819
3820,NAME_3820
3821,NAME_3821
3822,NAME_3822
3823,NAME_3823
3824,NAME_3824
3825,NAME_3825
3826,NAME_3826
3827,NAME_3827
3828,NAME_3828
3829,NAME_3829
3830,NAME_3830
3831,NAME_3831
3832,NAME_3832
3833,NAME_3833
3834,NAME_3834
3835,NAME_3835
3836,NAME_3836
3837,NAME_3837
3838,NAME_3838
3839,NAME_3839
3840,NAME_3840
3841,NAME_3841
3842,NAME_3842
3843,NAME_3843
3844,NAME_3844
3845,NAME_3845
3846,NAME_3846
3847,NAME_3847
3848,NAME_3848
3849,NAME_3849
3850,NAME_3850
3851,NAME_3851
3852,NAME_3852
3853,NAME_3853
3854,NAME_3854
3855,NAME_3855
3856,NAME_3856
3857,NAME_3857
3858,NAME_3858
3859,NAME_3859
3860,NAME_3860
3861,NAME_3861
3862,NAME_3862
3863,NAME_3863
3864,NAME_3864
3865,NAME_3865
3866,NAME_3866
3867,NAME_3867
3868,NAME_3868
3869,NAME_3869
3870,NAME_3870
3871,NAME_3871
3872,NAME_3872
3873,NAME_3873
3874,NAME_3874
3875,NAME_3875
3876,NAME_3876
3877,NAME_3877
3878,NAME_3878
3879,NAME_3879
3880,NAME_3880
3881,NAME_3881
3882,NAME_3882
3883,NAME_3883
3884,NAME_3884
3885,NAME_3885
3886,NAME_3886
3887,NAME_3887
3888,NAME_3888
3889,NAME_3889
3890,NAME_3890
3891,NAME_3891
3892,NAME_3892
3893,NAME_3893
3894,NAME_3894
3895,NAME_3895
3896,NAME_3896
3897,NAME_3897
3898,NAME_3898
3899,NAME_3899
3900,NAME_3900
3901,NAME_3901
3902,NAME_3902
3903,NAME_3903
3904,NAME_3904
3905,NAME_3905
3906,NAME_3906
3907,NAME_3907
3908,NAME_3908
3909,NAME_3909
3910,NAME_3910
3911,NAME_3911
3912,NAME_3912
3913,NAME_3913
3914,NAME_3914
3915,NAME_3915
3916,NAME_3916
3917,NAME_3917
3918,NAME_3918
3919,NAME_3919
3920,NAME_3920
3921,NAME_3921
3922,NAME_3922
3923,NAME_3923
3924,NAME_3924
3925,NAME_3925
3926,NAME_3926
3927,NAME_3927
3928,NAME_3928
3929,NAME_3929
3930,NAME_3930
3931,NAME_3931
3932,NAME_3932
3933,NAME_3933
3934,NAME_3934
3935,NAME_3935
3936,NAME_3936
3937,NAME_3937
3938,NAME_3938
3939,NAME_3939
3940,NAME_3940
3941,NAME_3941
3942,NAME_3942
3943,NAME_3943
3944,NAME_3944
3945,NAME_3945
3946,NAME_3946
3947,NAME_3947
3948,NAME_3948
3949,NAME_3949
3950,NAME_3950
3951,NAME_3951
3952,NAME_3952
3953,NAME_3953
3954,NAME_3954
3955,NAME_3955
3956,NAME_3956
3957,NAME_3957
3958,NAME_3958
3959,NAME_3959
3960,NAME_3960
3961,NAME_3961
3962,NAME_3962
3963,NAME_3963
3964,NAME_3964
3965,NAME_3965
3966,NAME_3966
3967,NAME_3967
3968,NAME_3968
3969,NAME_3969
3970,NAME_3970
3971,NAME_3971
3972,NAME_3972
3973,NAME_3973
3974,NAME_3974
3975,NAME_3975
3976,NAME_3976
3977,NAME_3977
3978,NAME_3978
3979,NAME_3979
3980,NAME_3980
3981,NAME_3981
3982,NAME_3982
3983,NAME_3983
3984,NAME_3984
3985,NAME_3985
3986,NAME_3986
3987,NAME_3987
3988,NAME_3988
3989,NAME_3989
3990,NAME_3990
3991,NAME_3991
3992,NAME_3992
3993,NAME_3993
3994,NAME_3994
3995,NAME_3995
3996,NAME_3996
3997,NAME_3997
3998,NAME_3998
3999,NAME_3999
4000,NAME_4000
4001,NAME_4001
4002,NAME_4002
4003,NAME_4003
4004,NAME_4004
4005,NAME_4005
4006,NAME_4006
4007,NAME_4007
4008,NAME_4008
4009,NAME_4009
4010,NAME_4010
4011,NAME_4011
4012,NAME_4012
4013,NAME_4013
4014,NAME_4014
4015,NAME_4015
4016,NAME_4016
4017,NAME_4017
4018,NAME_4018
4019,NAME_4019
4020,NAME_4020
4021,NAME_4021
4022,NAME_4022
4023,NAME_4023
4024,NAME_4024
4025,NAME_4025
4026,NAME_4026
4027,NAME_4027
4028,NAME_4028
4029,NAME_4029
4030,NAME_4030
4031,NAME_4031
4032,NAME_4032
4033,NAME_4033
4034,NAME_4034
4035,NAME_4035
4036,NAME_4036
4037,NAME_4037
4038,NAME_4038
4039,NAME_4039
4040,NAME_4040
4041,NAME_4041
4042,NAME_4042
4043,NAME_4043
4044,NAME_4044
4045,NAME_4045
4046,NAME_4046
4047,NAME_4047
4048,NAME_4048
4049,NAME_4049
4050,NAME_4050
4051,NAME_4051
4052,NAME_4052
4053,NAME_4053
4054,NAME_4054
4055,NAME_4055
4056,NAME_4056
4057,NAME_4057
4058,NAME_4058
4059,NAME_4059
4060,NAME_4060
4061,NAME_4061
4062,NAME_4062
4063,NAME_4063
4064,NAME_4064
4065,NAME_4065
4066,NAME_4066
4067,NAME_4067
4068,NAME_4068
4069,NAME_4069
4070,NAME_4070
4071,NAME_4071
4072,NAME_4072
4073,NAME_4073
4074,NAME_4074
4075,NAME_4075
4076,NAME_4076
4077,NAME_4077
4078,NAME_4078
4079,NAME_4079
4080,NAME_4080
4081,NAME_4081
4082,NAME_4082
4083,NAME_4083
4084,NAME_4084
4085,NAME_4085
4086,NAME_4086
4087,NAME_4087
4088,NAME_4088
4089,NAME_4089
4090,NAME_4090
4091,NAME_4091
4092,NAME_4092
4093,NAME_4093
4094,NAME_4094
4095,NAME_4095
4096,NAME_4096
4097,NAME_4097
4098,NAME_4098
4099,NAME_4099
4100,NAME_4100
4101,NAME_4101
4102,NAME_4102
4103,NAME_4103
4104,NAME_4104
4105,NAME_4105
4106,NAME_4106
4107,NAME_4107
4108,NAME_4108
4109,NAME_4109
4110,NAME_4110
4111,NAME_4111
4112,NAME_4112
4113,NAME_4113
4114,NAME_4114
4115,NAME_4115
4116,NAME_4116
4117,NAME_4117
4118,NAME_4118
4119,NAME_4119
4120,NAME_4120
4121,NAME_4121
4122,NAME_4122
4123,NAME_4123
4124,NAME_4124
4125,NAME_4125
4126,NAME_4126
4127,NAME_4127
4128,NAME_4128
4129,NAME_4129
4130,NAME_4130
4131,NAME_4131
4132,NAME_4132
4133,NAME_4133
4134,NAME_4134
4135,NAME_4135
4136,NAME_4136
4137,NAME_4137
4138,NAME_4138
4139,NAME_4139
4140,NAME_4140
4141,NAME_4141
4142,NAME_4142
4143,NAME_4143
4144,NAME_4144
4145,NAME_4145
4146,NAME_4146
4147,NAME_4147
4148,NAME_4148
4149,NAME_4149
4150,NAME_4150
4151,NAME_4151
4152,NAME_4152
4153,NAME_4153
4154,NAME_4154
4155,NAME_4155
4156,NAME_4156
4157,NAME_4157
4158,NAME_4158
4159,NAME_4159
4160,NAME_4160
4161,NAME_4161
4162,NAME_4162
4163,NAME_4163
4164,NAME_4164
4165,NAME_4165
4166,NAME_4166
4167,NAME_4167
4168,NAME_4168
4169,NAME_4169
4170,NAME_4170
4171,NAME_4171
4172,NAME_4172
4173,NAME_4173
4174,NAME_4174
4175,NAME_4175
4176,NAME_4176
4177,NAME_4177
4178,NAME_4178
4179,NAME_4179
4180,NAME_4180
4181,NAME_4181
4182,NAME_4182
4183,NAME_4183
4184,NAME_4184
4185,NAME_4185
4186,NAME_4186
4187,NAME_4187
4188,NAME_4188
4189,NAME_4189
4190,NAME_4190
4191,NAME_4191
4192,NAME_4192
4193,NAME_4193
4194,NAME_4194
4195,NAME_4195
4196,NAME_4196
4197,NAME_4197
4198,NAME_4198
4199,NAME_4199
4200,NAME_4200
4201,NAME_4201
4202,NAME_4202
4203,NAME_4203
4204,NAME_4204
4205,NAME_4205
4206,NAME_4206
4207,NAME_4207
4208,NAME_4208
4209,NAME_4209
4210,NAME_4210
4211,NAME_4211
4212,NAME_4212
4213,NAME_4213
4214,NAME_4214
4215,NAME_4215
4216,NAME_4216
4217,NAME_4217
4218,NAME_4218
4219,NAME_4219
4220,NAME_4220
4221,NAME_4221
4222,NAME_4222
4223,NAME_4223
4224,NAME_4224
4225,NAME_4225
4226,NAME_4226
4227,NAME_4227
4228,NAME_4228
4229,NAME_4229
4230,NAME_4230
4231,NAME_4231
4232,NAME_4232
4233,NAME_4233
4234,NAME_4234
4235,NAME_4235
4236,NAME_4236
4237,NAME_4237
4238,NAME_4238
4239,NAME_4239
4240,NAME_4240
4241,NAME_4241
4242,NAME_4242
4243,NAME_4243
4244,NAME_4244
4245,NAME_4245
4246,NAME_4246
4247,NAME_4247
4248,NAME_4248
4249,NAME_4249
4250,NAME_4250
4251,NAME_4251
4252,NAME_4252
4253,NAME_4253
4254,NAME_4254
4255,NAME_4255
4256,NAME_4256
4257,NAME_4257
4258,NAME_4258
4259,NAME_4259
4260,NAME_4260
4261,NAME_4261
4262,NAME_4262
4263,NAME_4263
4264,NAME_4264
4265,NAME_4265
4266,NAME_4266
4267,NAME_4267
4268,NAME_4268
4269,NAME_4269
4270,NAME_4270
4271,NAME_4271
4272,NAME_4272
4273,NAME_4273
4274,NAME_4274
4275,NAME_4275
4276,NAME_4276
4277,NAME_4277
4278,NAME_4278
4279,NAME_4279
4280,NAME_4280
4281,NAME_4281
4282,NAME_4282
4283,NAME_4283
4284,NAME_4284
4285,NAME_4285
4286,NAME_4286
4287,NAME_4287
4288,NAME_4288
4289,NAME_4289
4290,NAME_4290
4291,NAME_4291
4292,NAME_4292
4293,NAME_4293
4294,NAME_4294
4295,NAME_4295
4296,NAME_4296
4297,NAME_4297
4298,NAME_4298
4299,NAME_4299
4300,NAME_4300
4301,NAME_4301
4302,NAME_4302
4303,NAME_4303
4304,NAME_4304
4305,NAME_4305
4306,NAME_4306
4307,NAME_4307
4308,NAME_4308
4309,NAME_4309
4310,NAME_4310
4311,NAME_4311
4312,NAME_4312
4313,NAME_4313
4314,NAME_4314
4315,NAME_4315
4316,NAME_4316
4317,NAME_4317
4318,NAME_4318
4319,NAME_4319
4320,NAME_4320
4321,NAME_4321
4322,NAME_4322
4323,NAME_4323
4324,NAME_4324
4325,NAME_4325
4326,NAME_4326
4327,NAME_4327
4328,NAME_4328
4329,NAME_4329
4330,NAME_4330
4331,NAME_4331
4332,NAME_4332
4333,NAME_4333
4334,NAME_4334
4335,NAME_4335
4336,NAME_4336
4337,NAME_4337
4338,NAME_4338
4339,NAME_4339
4340,NAME_4340
4341,NAME_4341
4342,NAME_4342
4343,NAME_4343
4344,NAME_4344
4345,NAME_4345
4346,NAME_4346
4347,NAME_4347
4348,NAME_4348
4349,NAME_4349
4350,NAME_4350
4351,NAME_4351
4352,NAME_4352
4353,NAME_4353
4354,NAME_4354
4355,NAME_4355
4356,NAME_4356
4357,NAME_4357
4358,NAME_4358
4359,NAME_4359
4360,NAME_4360
4361,NAME_4361
4362,NAME_4362
4363,NAME_4363
4364,NAME_4364
4365,NAME_4365
4366,NAME_4366
4367,NAME_4367
4368,NAME_4368
4369,NAME_4369
4370,NAME_4370
4371,NAME_4371
4372,NAME_4372
4373,NAME_4373
4374,NAME_4374
4375,NAME_4375
4376,NAME_4376
4377,NAME_4377
4378,NAME_4378
4379,NAME_4379
4380,NAME_4380
4381,NAME_4381
4382,NAME_4382
4383,NAME_4383
4384,NAME_4384
4385,NAME_4385
4386,NAME_4386
4387,NAME_4387
4388,NAME_4388
4389,NAME_4389
4390,NAME_4390
4391,NAME_4391
4392,NAME_4392
4393,NAME_4393
4394,NAME_4394
4395,NAME_4395
4396,NAME_4396
4397,NAME_4397
4398,NAME_4398
4399,NAME_4399
4400,NAME_4400
4401,NAME_4401
4402,NAME_4402
4403,NAME_4403
4404,NAME_4404
4405,NAME_4405
4406,NAME_4406
4407,NAME_4407
4408,NAME_4408
4409,NAME_4409
4410,NAME_4410
4411,NAME_4411
4412,NAME_4412
4413,NAME_4413
4414,NAME_4414
4415,NAME_4415
4416,NAME_4416
4417,NAME_4417
4418,NAME_4418
4419,NAME_4419
4420,NAME_4420
4421,NAME_4421
4422,NAME_4422
4423,NAME_4423
4424,NAME_4424
4425,NAME_4425
4426,NAME_4426
4427,NAME_4427
4428,NAME_4428
4429,NAME_4429
4430,NAME_4430
4431,NAME_4431
4432,NAME_4432
4433,NAME_4433
4434,NAME_4434
4435,NAME_4435
4436,NAME_4436
4437,NAME_4437
4438,NAME_4438
4439,NAME_4439
4440,NAME_4440
4441,NAME_4441
4442,NAME_4442
4443,NAME_4443
4444,NAME_4444
4445,NAME_4445
4446,NAME_4446
4447,NAME_4447
4448,NAME_4448
4449,NAME_4449
4450,NAME_4450
4451,NAME_4451
4452,NAME_4452
4453,NAME_4453
4454,NAME_4454
4455,NAME_4455
4456,NAME_4456
4457,NAME_4457
4458,NAME_4458
4459,NAME_4459
4460,NAME_4460
4461,NAME_4461
4462,NAME_4462
4463,NAME_4463
4464,NAME_4464
4465,NAME_4465
4466,NAME_4466
4467,NAME_4467
4468,NAME_4468
4469,NAME_4469
4470,NAME_4470
4471,NAME_4471
4472,NAME_4472
4473,NAME_4473
4474,NAME_4474
4475,NAME_4475
4476,NAME_4476
4477,NAME_4477
4478,NAME_4478
4479,NAME_4479
4480,NAME_4480
4481,NAME_4481
4482,NAME_4482
4483,NAME_4483
4484,NAME_4484
4485,NAME_4485
4486,NAME_4486
4487,NAME_4487
4488,NAME_4488
4489,NAME_4489
4490,NAME_4490
4491,NAME_4491
4492,NAME_4492
4493,NAME_4493
4494,NAME_4494
4495,NAME_4495
4496,NAME_4496
4497,NAME_4497
4498,NAME_4498
4499,NAME_4499
4500,NAME_4500
4501,NAME_4501
4502,NAME_4502
4503,NAME_4503
4504,NAME_4504
4505,NAME_4505
4506,NAME_4506
4507,NAME_4507
4508,NAME_4508
4509,NAME_4509
4510,NAME_4510
4511,NAME_4511
4512,NAME_4512
4513,NAME_4513
4514,NAME_4514
4515,NAME_4515
4516,NAME_4516
4517,NAME_4517
4518,NAME_4518
4519,NAME_4519
4520,NAME_4520
4521,NAME_4521
4522,NAME_4522
4523,NAME_4523
4524,NAME_4524
4525,NAME_4525
4526,NAME_4526
4527,NAME_4527
4528,NAME_4528
4529,NAME_4529
4530,NAME_4530
4531,NAME_4531
4532,NAME_4532
4533,NAME_4533
4534,NAME_4534
4535,NAME_4535
4536,NAME_4536
4537,NAME_4537
4538,NAME_4538
4539,NAME_4539
4540,NAME_4540
4541,NAME_4541
4542,NAME_4542
4543,NAME_4543
4544,NAME_4544
4545,NAME_4545
4546,NAME_4546
4547,NAME_4547
4548,NAME_4548
4549,NAME_4549
4550,NAME_4550
4551,NAME_4551
4552,NAME_4552
4553,NAME_4553
4554,NAME_4554
4555,NAME_4555
4556,NAME_4556
4557,NAME_4557
4558,NAME_4558
4559,NAME_4559
4560,NAME_4560
4561,NAME_4561
4562,NAME_4562
4563,NAME_4563
4564,NAME_4564
4565,NAME_4565
4566,NAME_4566
4567,NAME_4567
4568,NAME_4568
4569,NAME_4569
4570,NAME_4570
4571,NAME_4571
4572,NAME_4572
4573,NAME_4573
4574,NAME_4574
4575,NAME_4575
4576,NAME_4576
4577,NAME_4577
4578,NAME_4578
4579,NAME_4579
4580,NAME_4580
4581,NAME_4581
4582,NAME_4582
4583,NAME_4583
4584,NAME_4584
4585,NAME_4585
4586,NAME_4586
4587,NAME_4587
4588,NAME_4588
4589,NAME_4589
4590,NAME_4590
4591,NAME_4591
4592,NAME_4592
4593,NAME_4593
4594,NAME_4594
4595,NAME_4595
4596,NAME_4596
4597,NAME_4597
4598,NAME_4598
4599,NAME_4599
4600,NAME_4600
4601,NAME_4601
4602,NAME_4602
4603,NAME_4603
4604,NAME_4604
4605,NAME_4605
4606,NAME_4606
4607,NAME_4607
4608,NAME_4608
4609,NAME_4609
4610,NAME_4610
4611,NAME_4611
4612,NAME_4612
4613,NAME_4613
4614,NAME_4614
4615,NAME_4615
4616,NAME_4616
4617,NAME_4617
4618,NAME_4618
4619,NAME_4619
4620,NAME_4620
4621,NAME_4621
4622,NAME_4622
4623,NAME_4623
4624,NAME_4624
4625,NAME_4625
4626,NAME_4626
4627,NAME_4627
4628,NAME_4628
4629,NAME_4629
4630,NAME_4630
4631,NAME_4631
4632,NAME_4632
4633,NAME_4633
4634,NAME_4634
4635,NAME_4635
4636,NAME_4636
4637,NAME_4637
4638,NAME_4638
4639,NAME_4639
4640,NAME_4640
4641,NAME_4641
4642,NAME_4642
4643,NAME_4643
4644,NAME_4644
4645,NAME_4645
4646,NAME_4646
4647,NAME_4647
4648,NAME_4648
4649,NAME_4649
4650,NAME_4650
4651,NAME_4651
4652,NAME_4652
4653,NAME_4653
4654,NAME_4654
4655,NAME_4655
4656,NAME_4656
4657,NAME_4657
4658,NAME_4658
4659,NAME_4659
4660,NAME_4660
4661,NAME_4661
4662,NAME_4662
4663,NAME_4663
4664,NAME_4664
4665,NAME_4665
4666,NAME_4666
4667,NAME_4667
4668,NAME_4668
4669,NAME_4669
4670,NAME_4670
4671,NAME_4671
4672,NAME_4672
4673,NAME_4673
4674,NAME_4674
4675,NAME_4675
4676,NAME_4676
4677,NAME_4677
4678,NAME_4678
4679,NAME_4679
4680,NAME_4680
4681,NAME_4681
4682,NAME_4682
4683,NAME_4683
4684,NAME_4684
4685,NAME_4685
4686,NAME_4686
4687,NAME_4687
4688,NAME_4688
4689,NAME_4689
4690,NAME_4690
4691,NAME_4691
4692,NAME_4692
4693,NAME_4693
4694,NAME_4694
4695,NAME_4695
4696,NAME_4696
4697,NAME_4697
4698,NAME_4698
4699,NAME_4699
4700,NAME_4700
4701,NAME_4701
4702,NAME_4702
4703,NAME_4703
4704,NAME_4704
4705,NAME_4705
4706,NAME_4706
4707,NAME_4707
4708,NAME_4708
4709,NAME_4709
4710,NAME_4710
4711,NAME_4711
4712,NAME_4712
4713,NAME_4713
4714,NAME_4714
4715,NAME_4715
4716,NAME_4716
4717,NAME_4717
4718,NAME_4718
4719,NAME_4719
4720,NAME_4720
4721,NAME_4721
4722,NAME_4722
4723,NAME_4723
4724,NAME_4724
4725,NAME_4725
4726,NAME_4726
4727,NAME_4727
4728,NAME_4728
4729,NAME_4729
4730,NAME_4730
4731,NAME_4731
4732,NAME_4732
4733,NAME_4733
4734,NAME_4734
4735,NAME_4735
4736,NAME_4736
4737,NAME_4737
4738,NAME_4738
4739,NAME_4739
4740,NAME_4740
4741,NAME_4741
4742,NAME_4742
4743,NAME_4743
4744,NAME_4744
4745,NAME_4745
4746,NAME_4746
4747,NAME_4747
4748,NAME_4748
4749,NAME_4749
4750,NAME_4750
4751,NAME_4751
4752,NAME_4752
4753,NAME_4753
4754,NAME_4754
4755,NAME_4755
4756,NAME_4756
4757,NAME_4757
4758,NAME_4758
4759,NAME_4759
4760,NAME_4760
4761,NAME_4761
4762,NAME_4762
4763,NAME_4763
4764,NAME_4764
4765,NAME_4765
4766,NAME_4766
4767,NAME_4767
4768,NAME_4768
4769,NAME_4769
4770,NAME_4770
4771,NAME_4771
4772,NAME_4772
4773,NAME_4773
4774,NAME_4774
4775,NAME_4775
4776,NAME_4776
4777,NAME_4777
4778,NAME_4778
4779,NAME_4779
4780,NAME_4780
4781,NAME_4781
4782,NAME_4782
4783,NAME_4783
4784,NAME_4784
4785,NAME_4785
4786,NAME_4786
4787,NAME_4787
4788,NAME_4788
4789,NAME_4789
4790,NAME_4790
4791,NAME_4791
4792,NAME_4792
4793,NAME_4793
4794,NAME_4794
4795,NAME_4795
4796,NAME_4796
4797,NAME_4797
4798,NAME_4798
4799,NAME_4799
4800,NAME_4800
4801,NAME_4801
4802,NAME_4802
4803,NAME_4803
4804,NAME_4804
4805,NAME_4805
4806,NAME_4806
4807,NAME_4807
4808,NAME_4808
4809,NAME_4809
4810,NAME_4810
4811,NAME_4811
4812,NAME_4812
4813,NAME_4813
4814,NAME_4814
4815,NAME_4815
4816,NAME_4816
4817,NAME_4817
4818,NAME_4818
4819,NAME_4819
4820,NAME_4820
4821,NAME_4821
4822,NAME_4822
4823,NAME_4823
4824,NAME_4824
4825,NAME_4825
4826,NAME_4826
4827,NAME_4827
4828,NAME_4828
4829,NAME_4829
4830,NAME_4830
4831,NAME_4831
4832,NAME_4832
4833,NAME_4833
4834,NAME_4834
4835,NAME_4835
4836,NAME_4836
4837,NAME_4837
4838,NAME_4838
4839,NAME_4839
4840,NAME_4840
4841,NAME_4841
4842,NAME_4842
4843,NAME_4843
4844,NAME_4844
4845,NAME_4845
4846,NAME_4846
4847,NAME_4847
4848,NAME_4848
4849,NAME_4849
4850,NAME_4850
4851,NAME_4851
4852,NAME_4852
4853,NAME_4853
4854,NAME_4854
4855,NAME_4855
4856,NAME_4856
4857,NAME_4857
4858,NAME_4858
4859,NAME_4859
4860,NAME_4860
4861,NAME_4861
4862,NAME_4862
4863,NAME_4863
4864,NAME_4864
4865,NAME_4865
4866,NAME_4866
4867,NAME_4867
4868,NAME_4868
4869,NAME_4869
4870,NAME_4870
4871,NAME_4871
4872,NAME_4872
4873,NAME_4873
4874,NAME_4874
4875,NAME_4875
4876,NAME_4876
4877,NAME_4877
4878,NAME_4878
4879,NAME_4879
4880,NAME_4880
4881,NAME_4881
4882,NAME_4882
4883,NAME_4883
4884,NAME_4884
4885,NAME_4885
4886,NAME_4886
4887,NAME_4887
4888,NAME_4888
4889,NAME_4889
4890,NAME_4890
4891,NAME_4891
4892,NAME_4892
4893,NAME_4893
4894,NAME_4894
4895,NAME_4895
4896,NAME_4896
4897,NAME_4897
4898,NAME_4898
4899,NAME_4899
4900,NAME_4900
4901,NAME_4901
4902,NAME_4902
4903,NAME_4903
4904,NAME_4904
4905,NAME_4905
4906,NAME_4906
4907,NAME_4907
4908,NAME_4908
4909,NAME_4909
4910,NAME_4910
4911,NAME_4911
4912,NAME_4912
4913,NAME_4913
4914,NAME_4914
4915,NAME_4915
4916,NAME_4916
4917,NAME_4917
4918,NAME_4918
4919,NAME_4919
4920,NAME_4920
4921,NAME_4921
4922,NAME_4922
4923,NAME_4923
4924,NAME_4924
4925,NAME_4925
4926,NAME_4926
4927,NAME_4927
4928,NAME_4928
4929,NAME_4929
4930,NAME_4930
4931,NAME_4931
4932,NAME_4932
4933,NAME_4933
4934,NAME_4934
4935,NAME_4935
4936,NAME_4936
4937,NAME_4937
4938,NAME_4938
4939,NAME_4939
4940,NAME_4940
4941,NAME_4941
4942,NAME_4942
4943,NAME_4943
4944,NAME_4944
4945,NAME_4945
4946,NAME_4946
4947,NAME_4947
4948,NAME_4948
4949,NAME_4949
4950,NAME_4950
4951,NAME_4951
4952,NAME_4952
4953,NAME_4953
4954,NAME_4954
4955,NAME_4955
4956,NAME_4956
4957,NAME_4957
4958,NAME_4958
4959,NAME_4959
4960,NAME_4960
4961,NAME_4961
4962,NAME_4962
4963,NAME_4963
4964,NAME_4964
4965,NAME_4965
4966,NAME_4966
4967,NAME_4967
4968,NAME_4968
4969,NAME_4969
4970,NAME_4970
4971,NAME_4971
4972,NAME_4972
4973,NAME_4973
4974,NAME_4974
4975,NAME_4975
4976,NAME_4976
4977,NAME_4977
4978,NAME_4978
4979,NAME_4979
4980,NAME_4980
4981,NAME_4981
4982,NAME_4982
4983,NAME_4983
4984,NAME_4984
4985,NAME_4985
4986,NAME_4986
4987,NAME_4987
4988,NAME_4988
4989,NAME_4989
4990,NAME_4990
4991,NAME_4991
4992,NAME_4992
4993,NAME_4993
4994,NAME_4994
4995,NAME_4995
4996,NAME_4996
4997,NAME_4997
4998,NAME_4998
4999,NAME_4999
5000,NAME_5000
5001,NAME_5001
5002,NAME_5002
5003,NAME_5003
5004,NAME_5004
5005,NAME_5005
5006,NAME_5006
5007,NAME_5007
5008,NAME_5008
5009,NAME_5009
5010,NAME_5010
5011,NAME_5011
5012,NAME_5012
5013,NAME_5013
5014,NAME_5014
5015,NAME_5015
5016,NAME_5016
5017,NAME_5017
5018,NAME_5018
5019,NAME_5019
5020,NAME_5020
5021,NAME_5021
5022,NAME_5022
5023,NAME_5023
5024,NAME_5024
5025,NAME_5025
5026,NAME_5026
5027,NAME_5027
5028,NAME_5028
5029,NAME_5029
5030,NAME_5030
5031,NAME_5031
5032,NAME_5032
5033,NAME_5033
5034,NAME_5034
5035,NAME_5035
5036,NAME_5036
5037,NAME_5037
5038,NAME_5038
5039,NAME_5039
5040,NAME_5040
5041,NAME_5041
5042,NAME_5042
5043,NAME_5043
5044,NAME_5044
5045,NAME_5045
5046,NAME_5046
5047,NAME_5047
5048,NAME_5048
5049,NAME_5049
5050,NAME_5050
5051,NAME_5051
5052,NAME_5052
5053,NAME_5053
5054,NAME_5054
5055,NAME_5055
5056,NAME_5056
5057,NAME_5057
5058,NAME_5058
5059,NAME_5059
5060,NAME_5060
5061,NAME_5061
5062,NAME_5062
5063,NAME_5063
5064,NAME_5064
5065,NAME_5065
5066,NAME_5066
5067,NAME_5067
5068,NAME_5068
5069,NAME_5069
5070,NAME_5070
5071,NAME_5071
5072,NAME_5072
5073,NAME_5073
5074,NAME_5074
5075,NAME_5075
5076,NAME_5076
5077,NAME_5077
5078,NAME_5078
5079,NAME_5079
5080,NAME_5080
5081,NAME_5081
5082,NAME_5082
5083,NAME_5083
5084,NAME_5084
5085,NAME_5085
5086,NAME_5086
5087,NAME_5087
5088,NAME_5088
5089,NAME_5089
5090,NAME_5090
5091,NAME_5091
5092,NAME_5092
5093,NAME_5093
5094,NAME_5094
5095,NAME_5095
5096,NAME_5096
5097,NAME_5097
5098,NAME_5098
5099,NAME_5099
5100,NAME_5100
5101,NAME_5101
5102,NAME_5102
5103,NAME_5103
5104,NAME_5104
5105,NAME_5105
5106,NAME_5106
5107,NAME_5107
5108,NAME_5108
5109,NAME_5109
5110,NAME_5110
5111,NAME_5111
5112,NAME_5112
5113,NAME_5113
5114,NAME_5114
5115,NAME_5115
5116,NAME_5116
5117,NAME_5117
5118,NAME_5118
5119,NAME_5119
5120,NAME_5120
5121,NAME_5121
5122,NAME_5122
5123,NAME_5123
5124,NAME_5124
5125,NAME_5125
5126,NAME_5126
5127,NAME_5127
5128,NAME_5128
5129,NAME_5129
5130,NAME_5130
5131,NAME_5131
5132,NAME_5132
5133,NAME_5133
5134,NAME_5134
5135,NAME_5135
5136,NAME_5136
5137,NAME_5137
5138,NAME_5138
5139,NAME_5139
5140,NAME_5140
5141,NAME_5141
5142,NAME_5142
5143,NAME_5143
5144,NAME_5144
5145,NAME_5145
5146,NAME_5146
5147,NAME_5147
5148,NAME_5148
5149,NAME_5149
5150,NAME_5150
5151,NAME_5151
5152,NAME_5152
5153,NAME_5153
5154,NAME_5154
5155,NAME_5155
5156,NAME_5156
5157,NAME_5157
5158,NAME_5158
5159,NAME_5159
5160,NAME_5160
5161,NAME_5161
5162,NAME_5162
5163,NAME_5163
5164,NAME_5164
5165,NAME_5165
5166,NAME_5166
5167,NAME_5167
5168,NAME_5168
5169,NAME_5169
5170,NAME_5170
5171,NAME_5171
5172,NAME_5172
5173,NAME_5173
5174,NAME_5174
5175,NAME_5175
5176,NAME_5176
5177,NAME_5177
5178,NAME_5178
5179,NAME_5179
5180,NAME_5180
5181,NAME_5181
5182,NAME_5182
5183,NAME_5183
5184,NAME_5184
5185,NAME_5185
5186,NAME_5186
5187,NAME_5187
5188,NAME_5188
5189,NAME_5189
5190,NAME_5190
5191,NAME_5191
5192,NAME_5192
5193,NAME_5193
5194,NAME_5194
5195,NAME_5195
5196,NAME_5196
5197,NAME_5197
5198,NAME_5198
5199,NAME_5199
5200,NAME_5200
5201,NAME_5201
5202,NAME_5202
5203,NAME_5203
5204,NAME_5204
5205,NAME_5205
5206,NAME_5206
5207,NAME_5207
5208,NAME_5208
5209,NAME_5209
5210,NAME_5210
5211,NAME_5211
5212,NAME_5212
5213,NAME_5213
5214,NAME_5214
5215,NAME_5215
5216,NAME_5216
5217,NAME_5217
5218,NAME_5218
5219,NAME_5219
5220,NAME_5220
5221,NAME_5221
5222,NAME_5222
5223,NAME_5223
5224,NAME_5224
5225,NAME_5225
5226,NAME_5226
5227,NAME_5227
5228,NAME_5228
5229,NAME_5229
5230,NAME_5230
5231,NAME_5231
5232,NAME_5232
5233,NAME_5233
5234,NAME_5234
5235,NAME_5235
5236,NAME_5236
5237,NAME_5237
5238,NAME_5238
5239,NAME_5239
5240,NAME_5240
5241,NAME_5241
5242,NAME_5242
